cpdID,cpdName,feature,ion,IonID,rt,rt_minutes,mz,mzMin,mzMax,rtMin,rtMax,Monoisotopic_mass,chemicalFormula,logPRDKit,HMDBClass,HMDBSubClass,HMDBDirectParent,HMDBID,LmapsCategory,LmapsMainclass,LMapsSubclass,LMapsID,KEGGID,chemspiderID,PubChemID,ChEBIID,InChI,InChIKey,MSIAnnotationLevel
LNEG-0001,Bilirubin,1,[M-H]-,LNEG-0001.1,69.96,1.166,583.2562084,583.2474596,583.2649573,54.96,84.96,584.2634849,C33H36N4O6,na,Tetrapyrroles and derivatives,Bilirubins,Bilirubins,HMDB0000054,na,na,na,na,na,na,5280352,na,na,na,2
LNEG-0002,Lauric acid FA(12:0),1,[M-H]-,LNEG-0002.1,95.76,1.596,199.1703536,199.167366,199.1733411,80.76,110.76,200.17763,C12H24O2,0.8649,Fatty Acyls,Fatty acids and conjugates,Medium-chain fatty acids,HMDB0000638,Fatty Acyls [FA],Fatty Acids and Conjugates [FA01],Straight chain fatty acids [FA0101],LMFA01010012,C02679,3756,3893,30805,"InChI=1S/C12H24O2/c1-2-3-4-5-6-7-8-9-10-11-12(13)14/h2-11H2,1H3,(H,13,14)",POULHZVOKOAJMA-UHFFFAOYSA-N,2
LNEG-0003,Myristic acid FA(14:0),1,[M-H]-,LNEG-0003.1,129.18,2.153,227.2016537,227.1982457,227.2050617,114.18,144.18,228.2089301,C14H28O2,1.1531,Fatty Acyls,Fatty acids and conjugates,Long-chain fatty acids,HMDB0000806,Fatty Acyls [FA],Fatty Acids and Conjugates [FA01],Straight chain fatty acids [FA0101],LMFA01010014,C06424,10539,11005,28875,"InChI=1S/C14H28O2/c1-2-3-4-5-6-7-8-9-10-11-12-13-14(15)16/h2-13H2,1H3,(H,15,16)",TUNFSRHWOTWDNC-UHFFFAOYSA-N,2
LNEG-0004,Palmitic acid FA(16:0),1,[M-H]-,LNEG-0004.1,164.82,2.747,255.2329538,255.2291253,255.2367823,149.82,179.82,256.2402303,C16H32O2,1.4413,Fatty Acyls,Fatty acids and conjugates,Long-chain fatty acids,HMDB0000220,Fatty Acyls [FA],Fatty Acids and Conjugates [FA01],Straight chain fatty acids [FA0101],LMFA01010001,C00249,960,985,15756,"InChI=1S/C16H32O2/c1-2-3-4-5-6-7-8-9-10-11-12-13-14-15-16(17)18/h2-15H2,1H3,(H,17,18)",IPCSVZSSVZVIGE-UHFFFAOYSA-N,1
LNEG-0005,Hexadecenoic acid FA(16:1),1,[M-H]-,LNEG-0005.1,137.94,2.299,253.2173037,253.2135055,253.221102,122.94,152.94,254.2245802,C16H30O2,na,Fatty Acyls,Fatty acids and conjugates,Long-chain fatty acids,na,Fatty Acyls [FA],Fatty Acids and Conjugates [FA01],Unsaturated fatty acids [FA0103],na,na,na,na,35366,na,na,2
LNEG-0006,Heptadecenoic acid FA(17:1),1,[M-H]-,LNEG-0006.1,155.04,2.584,267.2329538,267.2289453,267.2369623,140.04,170.04,268.2402303,C17H32O2,na,Fatty Acyls,Fatty acids and conjugates,Long-chain fatty acids,na,Fatty Acyls [FA],Fatty Acids and Conjugates [FA01],Unsaturated fatty acids [FA0103],na,na,na,na,35366,na,na,2
LNEG-0007,Stearic acid FA(18:0),1,[M-H]-,LNEG-0007.1,206.7,3.445,283.2642539,283.260005,283.2685029,191.7,221.7,284.2715304,C18H36O2,1.7295,Fatty Acyls,Fatty acids and conjugates,Long-chain fatty acids,HMDB0000827,Fatty Acyls [FA],Fatty Acids and Conjugates [FA01],Straight chain fatty acids [FA0101],LMFA01010018,C01530,5091,5281,28842,"InChI=1S/C18H36O2/c1-2-3-4-5-6-7-8-9-10-11-12-13-14-15-16-17-18(19)20/h2-17H2,1H3,(H,19,20)",QIQXTHQIDYTFRH-UHFFFAOYSA-N,1
LNEG-0008,HydroxyOctadecenoic acid FA(18:1(OH)),1,[M-H]-,LNEG-0008.1,108.12,1.802,297.2435185,297.2390598,297.2479771,93.12,123.12,298.2507949,C18H34O3,na,Fatty Acyls,Fatty acids and conjugates,Long-chain fatty acids,na,Fatty Acyls [FA],Fatty Acids and Conjugates [FA01],Hydroxy fatty acids [FA0105],na,na,na,na,131727,na,na,2
LNEG-0009,octadecenoic acid FA(18:1),1,[M-H]-,LNEG-0009.1,173.82,2.897,281.2486039,281.2443851,281.2528226,158.82,188.82,282.2558803,C18H34O2,na,Fatty Acyls,Fatty acids and conjugates,Long-chain fatty acids,na,Fatty Acyls [FA],Fatty Acids and Conjugates [FA01],Unsaturated fatty acids [FA0103],na,na,na,na,35366,na,na,1
LNEG-0010,HydroxyLinoleic acid FA(18:2(OH)),1,[M-H]-,LNEG-0010.1,79.32,1.322,295.2278684,295.22344,295.2322969,64.32,94.32,296.2351449,C18H32O3,na,Fatty Acyls,Fatty acids and conjugates,Long-chain fatty acids,na,Fatty Acyls [FA],Fatty Acids and Conjugates [FA01],Hydroxy fatty acids [FA0105],na,na,na,na,131727,na,na,2
LNEG-0011,Octadecadienoic acid FA(18:2),1,[M-H]-,LNEG-0011.1,148.02,2.467,279.2329538,279.2287653,279.2371423,133.02,163.02,280.2402303,C18H32O2,na,Fatty Acyls,Fatty acids and conjugates,Long-chain fatty acids,na,Fatty Acyls [FA],Fatty Acids and Conjugates [FA01],Unsaturated fatty acids [FA0103],na,na,na,na,35366,na,na,1
LNEG-0012,Octadecatrienoic acid FA(18:3)_1,1,[M-H]-,LNEG-0012.1,127.2,2.12,277.2173037,277.2131455,277.221462,112.2,142.2,278.2245802,C18H30O2,na,Fatty Acyls,Fatty acids and conjugates,Long-chain fatty acids,na,Fatty Acyls [FA],Fatty Acids and Conjugates [FA01],Unsaturated fatty acids [FA0103],na,na,na,na,35366,na,na,2
LNEG-0013,Octadecatrienoic acid FA(18:3)_2,1,[M-H]-,LNEG-0013.1,131.34,2.189,277.2173037,277.2131455,277.221462,116.34,146.34,278.2245802,C18H30O2,na,Fatty Acyls,Fatty acids and conjugates,Long-chain fatty acids,na,Fatty Acyls [FA],Fatty Acids and Conjugates [FA01],Unsaturated fatty acids [FA0103],na,na,na,na,35366,na,na,2
LNEG-0014,Octadecatetraenoic acid FA(18:4),1,[M-H]-,LNEG-0014.1,111,1.85,275.2016537,275.1975257,275.2057817,96,126,276.2089301,C18H28O2,na,Fatty Acyls,Fatty acids and conjugates,Long-chain fatty acids,na,Fatty Acyls [FA],Fatty Acids and Conjugates [FA01],Unsaturated fatty acids [FA0103],na,na,na,na,35366,na,na,2
LNEG-0015,Arachidic acid FA(20:0),1,[M-H]-,LNEG-0015.1,254.22,4.237,311.2955541,311.2908846,311.3002235,239.22,269.22,312.3028305,C20H40O2,2.0177,Fatty Acyls,Fatty acids and conjugates,Long-chain fatty acids,HMDB0002212,Fatty Acyls [FA],Fatty Acids and Conjugates [FA01],Straight chain fatty acids [FA0101],LMFA01010020,C06425,10035,10467,28822,"InChI=1S/C20H40O2/c1-2-3-4-5-6-7-8-9-10-11-12-13-14-15-16-17-18-19-20(21)22/h2-19H2,1H3,(H,21,22)",VKOBVWXKNCXXDE-UHFFFAOYSA-N,2
LNEG-0016,Eicosenoic acid FA(20:1),1,[M-H]-,LNEG-0016.1,213.24,3.554,309.279904,309.2752648,309.2845432,198.24,228.24,310.2871805,C20H38O2,na,Fatty Acyls,Fatty acids and conjugates,Long-chain fatty acids,na,Fatty Acyls [FA],Fatty Acids and Conjugates [FA01],Unsaturated fatty acids [FA0103],na,na,na,na,35366,na,na,2
LNEG-0017,Eicosadienoic acid FA(20:2),1,[M-H]-,LNEG-0017.1,182.22,3.037,307.2642539,307.259645,307.2688629,167.22,197.22,308.2715304,C20H36O2,na,Fatty Acyls,Fatty acids and conjugates,Long-chain fatty acids,na,Fatty Acyls [FA],Fatty Acids and Conjugates [FA01],Unsaturated fatty acids [FA0103],na,na,na,na,35366,na,na,2
LNEG-0018,Eicosatrienoic acid FA(20:3),1,[M-H]-,LNEG-0018.1,159.84,2.664,305.2486039,305.2440251,305.2531826,144.84,174.84,306.2558803,C20H34O2,na,Fatty Acyls,Fatty acids and conjugates,Long-chain fatty acids,na,Fatty Acyls [FA],Fatty Acids and Conjugates [FA01],Unsaturated fatty acids [FA0103],na,na,na,na,35366,na,na,2
LNEG-0019,Eicosatetraenoic acid FA(20:4),1,[M-H]-,LNEG-0019.1,145.5,2.425,303.2329538,303.2284053,303.2375023,130.5,160.5,304.2402303,C20H32O2,na,Fatty Acyls,Fatty acids and conjugates,Long-chain fatty acids,na,Fatty Acyls [FA],Fatty Acids and Conjugates [FA01],Unsaturated fatty acids [FA0103],na,na,na,na,35366,na,na,2
LNEG-0020,Eicosapentaenoic acid FA(20:5),1,[M-H]-,LNEG-0020.1,125.1,2.085,301.2173037,301.2127855,301.221822,110.1,140.1,302.2245802,C20H30O2,na,Fatty Acyls,Fatty acids and conjugates,Long-chain fatty acids,na,Fatty Acyls [FA],Fatty Acids and Conjugates [FA01],Unsaturated fatty acids [FA0103],na,na,na,na,35366,na,na,2
LNEG-0021,Docosatetraenoic acid FA(22:4),1,[M-H]-,LNEG-0021.1,173.1,2.885,331.2642539,331.259285,331.2692229,158.1,188.1,332.2715304,C22H36O2,na,Fatty Acyls,Fatty acids and conjugates,Very long-chain fatty acids,na,Fatty Acyls [FA],Fatty Acids and Conjugates [FA01],Unsaturated fatty acids [FA0103],na,na,na,na,35366,na,na,2
LNEG-0022,Docosapentaenoic acid FA(22:5)_1,1,[M-H]-,LNEG-0022.1,151.2,2.52,329.2486039,329.2436651,329.2535426,136.2,166.2,330.2558803,C22H34O2,na,Fatty Acyls,Fatty acids and conjugates,Very long-chain fatty acids,na,Fatty Acyls [FA],Fatty Acids and Conjugates [FA01],Unsaturated fatty acids [FA0103],na,na,na,na,35366,na,na,2
LNEG-0023,Docosapentaenoic acid FA(22:5)_2,1,[M-H]-,LNEG-0023.1,159.36,2.656,329.2486039,329.2436651,329.2535426,144.36,174.36,330.2558803,C22H34O2,na,Fatty Acyls,Fatty acids and conjugates,Very long-chain fatty acids,na,Fatty Acyls [FA],Fatty Acids and Conjugates [FA01],Unsaturated fatty acids [FA0103],na,na,na,na,35366,na,na,2
LNEG-0024,Docosahexaenoic FA(22:6),1,[M-H]-,LNEG-0024.1,139.08,2.318,327.2329538,327.2280453,327.2378623,124.08,154.08,328.2402303,C22H32O2,na,Fatty Acyls,Fatty acids and conjugates,Very long-chain fatty acids,na,Fatty Acyls [FA],Fatty Acids and Conjugates [FA01],Unsaturated fatty acids [FA0103],na,na,na,na,35366,na,na,2
LNEG-0044,LPE(18:1/0:0)_1,1,[M-H]-,LNEG-0044.1,121.38,2.023,478.293913,478.2867386,478.3010874,106.38,136.38,479.3011894,C23H46NO7P,na,Glycerophospholipids,Glycerophosphoethanolamines,1-acyl-sn-glycero-3-phosphoethanolamines,na,Glycerophospholipids [GP],Glycerophosphoethanolamines [GP02],Monoacylglycerophosphoethanolamines [GP0205],na,C04438,na,na,29017,na,na,1
LNEG-0046,Cholesterol Sulfate_1,1,[M-H]-,LNEG-0046.1,148.26,2.471,465.3044045,465.2974249,465.3113841,133.26,163.26,466.311681,C27H46O4S,1.3828,Steroids and steroid derivatives,Cholestane steroids,Cholesterols and derivatives,HMDB0000653,Sterol Lipids [ST],Steroid conjugates [ST05],Sulfates [ST0502],LMST05020016,C18043,58586,65076,41321,"InChI=1S/C27H46O4S/c1-18(2)7-6-8-19(3)23-11-12-24-22-10-9-20-17-21(31-32(28,29)30)13-15-26(20,4)25(22)14-16-27(23,24)5/h9,18-19,21-25H,6-8,10-17H2,1-5H3,(H,28,29,30)/t19-,21+,22+,23-,24+,25+,26+,27-/m1/s1",BHYOQNUELFTYRT-DPAQBDIFSA-N,1
LNEG-0047,Cholesterol Sulfate_2,1,[M-H]-,LNEG-0047.1,153.66,2.561,465.3044045,465.2974249,465.3113841,138.66,168.66,466.311681,C27H46O4S,1.3828,Steroids and steroid derivatives,Cholestane steroids,Cholesterols and derivatives,HMDB0000653,Sterol Lipids [ST],Steroid conjugates [ST05],Sulfates [ST0502],LMST05020016,C18043,58586,65076,41321,"InChI=1S/C27H46O4S/c1-18(2)7-6-8-19(3)23-11-12-24-22-10-9-20-17-21(31-32(28,29)30)13-15-26(20,4)25(22)14-16-27(23,24)5/h9,18-19,21-25H,6-8,10-17H2,1-5H3,(H,28,29,30)/t19-,21+,22+,23-,24+,25+,26+,27-/m1/s1",BHYOQNUELFTYRT-DPAQBDIFSA-N,2
LNEG-0048,Capric acid FA(10:0),1,[M-H]-,LNEG-0048.1,67.2,1.12,171.1390534,171.1364863,171.1416205,52.2,82.2,172.1463299,C10H20O2,0.5767,Fatty Acyls,Fatty acids and conjugates,Medium-chain fatty acids,HMDB0000511,Fatty Acyls [FA],Fatty Acids and Conjugates [FA01],Straight chain fatty acids [FA0101],LMFA01010010,C01571,2863,2969,30813,"InChI=1S/C10H20O2/c1-2-3-4-5-6-7-8-9-10(11)12/h2-9H2,1H3,(H,11,12)",GHVNFZFCNZKVNT-UHFFFAOYSA-N,2
LNEG-0050,HydroxyPalmitic acid FA(16:0(OH)),1,[M-H]-,LNEG-0050.1,94.8,1.58,271.2278684,271.2238,271.2319369,79.8,109.8,272.2351449,C16H32O3,na,Fatty Acyls,Fatty acids and conjugates,Long-chain fatty acids,na,Fatty Acyls [FA],Fatty Acids and Conjugates [FA01],Hydroxy fatty acids [FA0105],na,na,na,na,131727,na,na,2
LNEG-0051,Hexadecadienoic acid FA(16:2),1,[M-H]-,LNEG-0051.1,117.6,1.96,251.2016537,251.1978857,251.2054217,102.6,132.6,252.2089301,C16H28O2,na,Fatty Acyls,Fatty acids and conjugates,Long-chain fatty acids,na,Fatty Acyls [FA],Fatty Acids and Conjugates [FA01],Unsaturated fatty acids [FA0103],na,na,na,na,35366,na,na,2
LNEG-0052,Lignoceric acid FA(24:0),1,[M-H]-,LNEG-0052.1,354.6,5.91,367.3581543,367.352644,367.3636647,339.6,369.6,368.3654308,C24H48O2,2.5941,Fatty Acyls,Fatty acids and conjugates,Very long-chain fatty acids,HMDB0002003,Fatty Acyls [FA],Fatty Acids and Conjugates [FA01],Straight chain fatty acids [FA0101],LMFA01010024,C08320,10724,11197,28866,"InChI=1S/C24H48O2/c1-2-3-4-5-6-7-8-9-10-11-12-13-14-15-16-17-18-19-20-21-22-23-24(25)26/h2-23H2,1H3,(H,25,26)",QZZGJDVWLFXDLK-UHFFFAOYSA-N,2
LNEG-0053,Tetracosenoic acid FA(24:1),1,[M-H]-,LNEG-0053.1,306,5.1,365.3425043,365.3370241,365.3479844,291,321,366.3497807,C24H46O2,na,Fatty Acyls,Fatty acids and conjugates,Very long-chain fatty acids,na,Fatty Acyls [FA],Fatty Acids and Conjugates [FA01],Unsaturated fatty acids [FA0103],na,na,na,na,35366,na,na,2
LNEG-0054,Tetracosatetraenoic acid FA(24:4),1,[M-H]-,LNEG-0054.1,207.6,3.46,359.2955541,359.2901646,359.3009435,192.6,222.6,360.3028305,C24H40O2,na,Fatty Acyls,Fatty acids and conjugates,Very long-chain fatty acids,na,Fatty Acyls [FA],Fatty Acids and Conjugates [FA01],Unsaturated fatty acids [FA0103],na,na,na,na,35366,na,na,2
LNEG-0055,Tetracosapentaenoic acid FA(24:5),1,[M-H]-,LNEG-0055.1,182.4,3.04,357.279904,357.2745448,357.2852632,167.4,197.4,358.2871805,C24H38O2,na,Fatty Acyls,Fatty acids and conjugates,Very long-chain fatty acids,na,Fatty Acyls [FA],Fatty Acids and Conjugates [FA01],Unsaturated fatty acids [FA0103],na,na,na,na,35366,na,na,2
LNEG-0056,Hexacosanoic acid FA(26:0),1,[M-H]-,LNEG-0056.1,402,6.7,395.3894545,395.3835236,395.3953853,387,417,396.3967309,C26H52O2,2.8823,Fatty Acyls,Fatty acids and conjugates,Very long-chain fatty acids,HMDB0002356,Fatty Acyls [FA],Fatty Acids and Conjugates [FA01],Straight chain fatty acids [FA0101],LMFA01010026,C21931,10037,10469,31009,"InChI=1S/C26H52O2/c1-2-3-4-5-6-7-8-9-10-11-12-13-14-15-16-17-18-19-20-21-22-23-24-25-26(27)28/h2-25H2,1H3,(H,27,28)",XMHIUKTWLZUKEX-UHFFFAOYSA-N,2
LNEG-0057,Hexacosatetraenoic acid FA(26:4),1,[M-H]-,LNEG-0057.1,247.2,4.12,387.3268542,387.3210443,387.3326641,232.2,262.2,388.3341307,C26H44O2,na,Fatty Acyls,Fatty acids and conjugates,Very long-chain fatty acids,na,Fatty Acyls [FA],Fatty Acids and Conjugates [FA01],Unsaturated fatty acids [FA0103],na,na,na,na,35366,na,na,2
LNEG-0058,LPA(0:0/16:0),1,[M-H]-,LNEG-0058.1,89.1,1.485,409.2360638,409.2299252,409.2422023,74.1,104.1,410.2433402,C19H39O7P,0.8562,Glycerophospholipids,Glycerophosphates,2-acylglycerol-3-phosphates,HMDB07849,Glycerophospholipids [GP],Glycerophosphates [GP10],Monoacylglycerophosphates [GP1005],LMGP10050042,C03974,57505950,53478599,170101,"InChI=1S/C19H39O7P/c1-2-3-4-5-6-7-8-9-10-11-12-13-14-15-19(21)26-18(16-20)17-25-27(22,23)24/h18,20H,2-17H2,1H3,(H2,22,23,24)",LPQBQFLKBCPNAV-UHFFFAOYSA-N,1
LNEG-0059,LPA(0:0/18:0),1,[M-H]-,LNEG-0059.1,118.8,1.98,437.2673639,437.2608049,437.2739229,103.8,133.8,438.2746403,C21H43O7P,1.1444,Glycerophospholipids,Glycerophosphates,2-acylglycerol-3-phosphates,HMDB07850,Glycerophospholipids [GP],Glycerophosphates [GP10],Monoacylglycerophosphates [GP1005],LMGP10050043,C03974,59700479,53478600,17936,"InChI=1S/C21H43O7P/c1-2-3-4-5-6-7-8-9-10-11-12-13-14-15-16-17-21(23)28-20(18-22)19-27-29(24,25)26/h20,22H,2-19H2,1H3,(H2,24,25,26)",RPAOEHFOGLEBTJ-UHFFFAOYSA-N,1
LNEG-0060,LPA(0:0/18:1),1,[M-H]-,LNEG-0060.1,97.14,1.619,435.2517138,435.2451851,435.2582426,82.14,112.14,436.2589903,C21H41O7P,na,Glycerophospholipids,Glycerophosphates,2-acylglycerol-3-phosphates,na,Glycerophospholipids [GP],Glycerophosphates [GP10],Monoacylglycerophosphates [GP1005],na,C03974,na,na,17936,na,na,1
LNEG-0061,LPA(0:0/18:2),1,[M-H]-,LNEG-0061.1,78.36,1.306,433.2360638,433.2295652,433.2425623,63.36,93.36,434.2433402,C21H39O7P,na,Glycerophospholipids,Glycerophosphates,2-acylglycerol-3-phosphates,na,Glycerophospholipids [GP],Glycerophosphates [GP10],Monoacylglycerophosphates [GP1005],na,C03974,na,na,17936,na,na,1
LNEG-0062,LPA(0:0/20:3),1,[M-H]-,LNEG-0062.1,88.8,1.48,459.2517138,459.2448251,459.2586026,73.8,103.8,460.2589903,C23H41O7P,na,Glycerophospholipids,Glycerophosphates,2-acylglycerol-3-phosphates,na,Glycerophospholipids [GP],Glycerophosphates [GP10],Monoacylglycerophosphates [GP1005],na,C03974,na,na,17936,na,na,2
LNEG-0063,LPA(0:0/20:4),1,[M-H]-,LNEG-0063.1,78.6,1.31,457.2360638,457.2292052,457.2429223,63.6,93.6,458.2433402,C23H39O7P,na,Glycerophospholipids,Glycerophosphates,2-acylglycerol-3-phosphates,na,Glycerophospholipids [GP],Glycerophosphates [GP10],Monoacylglycerophosphates [GP1005],na,C03974,na,na,17936,na,na,1
LNEG-0064,LPA(14:0),1,[M-H]-,LNEG-0064.1,67.8,1.13,381.2047636,381.1990456,381.2104817,52.8,82.8,382.2120401,C17H35O7P,na,Glycerophospholipids,Glycerophosphates,na,na,Glycerophospholipids [GP],Glycerophosphates [GP10],Monoacylglycerophosphates [GP1005],na,na,na,na,na,na,na,2
LNEG-0065,LPA(16:1/0:0),1,[M-H]-,LNEG-0065.1,75,1.25,407.2204137,407.2143054,407.226522,60,90,408.2276902,C19H37O7P,na,Glycerophospholipids,Glycerophosphates,1-acylglycerol-3-phosphates,na,Glycerophospholipids [GP],Glycerophosphates [GP10],Monoacylglycerophosphates [GP1005],na,C00681,na,na,3950,na,na,2
LNEG-0066,LPA(18:0/0:0),1,[M-H]-,LNEG-0066.1,123.72,2.062,437.2673639,437.2608049,437.2739229,108.72,138.72,438.2746403,C21H43O7P,1.1444,Glycerophospholipids,Glycerophosphates,1-acylglycerol-3-phosphates,HMDB07854,Glycerophospholipids [GP],Glycerophosphates [GP10],Monoacylglycerophosphates [GP1005],LMGP10050005,C00681,80837,9547179,3950,"InChI=1S/C21H43O7P/c1-2-3-4-5-6-7-8-9-10-11-12-13-14-15-16-17-21(23)27-18-20(22)19-28-29(24,25)26/h20,22H,2-19H2,1H3,(H2,24,25,26)",LAYXSTYJRSVXIH-UHFFFAOYSA-N,1
LNEG-0067,LPA(20:3/0:0),1,[M-H]-,LNEG-0067.1,92.34,1.539,459.2517138,459.2448251,459.2586026,77.34,107.34,460.2589903,C23H41O7P,na,Glycerophospholipids,Glycerophosphates,1-acylglycerol-3-phosphates,na,Glycerophospholipids [GP],Glycerophosphates [GP10],Monoacylglycerophosphates [GP1005],na,C00681,na,na,3950,na,na,2
LNEG-0068,LPA(20:2/0:0),1,[M-H]-,LNEG-0068.1,108,1.8,461.2673639,461.2604449,461.2742829,93,123,462.2746403,C23H43O7P,na,Glycerophospholipids,Glycerophosphates,1-acylglycerol-3-phosphates,na,Glycerophospholipids [GP],Glycerophosphates [GP10],Monoacylglycerophosphates [GP1005],na,C00681,na,na,3950,na,na,2
LNEG-0069,LPA(22:6/0:0),1,[M-H]-,LNEG-0069.1,79.5,1.325,481.2360638,481.2288452,481.2432823,64.5,94.5,482.2433402,C25H39O7P,na,Glycerophospholipids,Glycerophosphates,1-acylglycerol-3-phosphates,na,Glycerophospholipids [GP],Glycerophosphates [GP10],Monoacylglycerophosphates [GP1005],na,C00681,na,na,3950,na,na,2
LNEG-0083,LPE(0:0/18:1),1,[M-H]-,LNEG-0083.1,116.16,1.936,478.293913,478.2867386,478.3010874,101.16,131.16,479.3011894,C23H46NO7P,na,Glycerophospholipids,Glycerophosphoethanolamines,2-acyl-sn-glycero-3-phosphoethanolamines,na,Glycerophospholipids [GP],Glycerophosphoethanolamines [GP02],Monoacylglycerophosphoethanolamines [GP0205],na,C05973,na,na,28936,na,na,1
LNEG-0084,LPE(0:0/20:4),1,[M-H]-,LNEG-0084.1,96,1.6,500.2782629,500.2707588,500.2857671,81,111,501.2855394,C25H44NO7P,na,Glycerophospholipids,Glycerophosphoethanolamines,2-acyl-sn-glycero-3-phosphoethanolamines,na,Glycerophospholipids [GP],Glycerophosphoethanolamines [GP02],Monoacylglycerophosphoethanolamines [GP0205],na,C05973,na,na,28936,na,na,2
LNEG-0085,LPE(0:0/22:4),1,[M-H]-,LNEG-0085.1,118.8,1.98,528.3095631,528.3016384,528.3174877,103.8,133.8,529.3168395,C27H48NO7P,na,Glycerophospholipids,Glycerophosphoethanolamines,2-acyl-sn-glycero-3-phosphoethanolamines,na,Glycerophospholipids [GP],Glycerophosphoethanolamines [GP02],Monoacylglycerophosphoethanolamines [GP0205],na,C05973,na,na,28936,na,na,2
LNEG-0086,LPE(0:0/22:6),1,[M-H]-,LNEG-0086.1,92.1,1.535,524.2782629,524.2703988,524.2861271,77.1,107.1,525.2855394,C27H44NO7P,na,Glycerophospholipids,Glycerophosphoethanolamines,2-acyl-sn-glycero-3-phosphoethanolamines,na,Glycerophospholipids [GP],Glycerophosphoethanolamines [GP02],Monoacylglycerophosphoethanolamines [GP0205],na,C05973,na,na,28936,na,na,2
LNEG-0087,LPE(18:1/0:0)_2,1,[M-H]-,LNEG-0087.1,125.76,2.096,478.293913,478.2867386,478.3010874,110.76,140.76,479.3011894,C23H46NO7P,na,Glycerophospholipids,Glycerophosphoethanolamines,1-acyl-sn-glycero-3-phosphoethanolamines,na,Glycerophospholipids [GP],Glycerophosphoethanolamines [GP02],Monoacylglycerophosphoethanolamines [GP0205],na,C04438,na,na,29017,na,na,2
LNEG-0089,LPE(22:4/0:0),1,[M-H]-,LNEG-0089.1,123,2.05,528.3095631,528.3016384,528.3174877,108,138,529.3168395,C27H48NO7P,na,Glycerophospholipids,Glycerophosphoethanolamines,1-acyl-sn-glycero-3-phosphoethanolamines,na,Glycerophospholipids [GP],Glycerophosphoethanolamines [GP02],Monoacylglycerophosphoethanolamines [GP0205],na,C04438,na,na,29017,na,na,2
LNEG-0090,LPE(22:6/0:0),1,[M-H]-,LNEG-0090.1,96.6,1.61,524.2782629,524.2703988,524.2861271,81.6,111.6,525.2855394,C27H44NO7P,na,Glycerophospholipids,Glycerophosphoethanolamines,1-acyl-sn-glycero-3-phosphoethanolamines,na,Glycerophospholipids [GP],Glycerophosphoethanolamines [GP02],Monoacylglycerophosphoethanolamines [GP0205],na,C04438,na,na,29017,na,na,2
LNEG-0091,LPG(18:0/0:0),1,[M-H]-,LNEG-0091.1,118.8,1.98,511.3041433,511.2964738,511.3118129,103.8,133.8,512.3114198,C24H49O9P,0.1746,Glycerophospholipids,Glycerophosphoglycerols,Lysophosphatidylglycerols,na,Glycerophospholipids [GP],Glycerophosphoglycerols [GP04],Monoacylglycerophosphoglycerols [GP0405],LMGP04050009,C18126,24823105,42607484,73091,"InChI=1S/C24H49O9P/c1-2-3-4-5-6-7-8-9-10-11-12-13-14-15-16-17-24(28)31-19-23(27)21-33-34(29,30)32-20-22(26)18-25/h22-23,25-27H,2-21H2,1H3,(H,29,30)/t22-,23+/m0/s1",HFJVKBVEKQHVTO-XZOQPEGZSA-N,1
LNEG-0092,LPG(18:1/0:0),1,[M-H]-,LNEG-0092.1,97.44,1.624,509.2884933,509.2808539,509.2961326,82.44,112.44,510.2957697,C24H47O9P,na,Glycerophospholipids,Glycerophosphoglycerols,Lysophosphatidylglycerols,na,Glycerophospholipids [GP],Glycerophosphoglycerols [GP04],Monoacylglycerophosphoglycerols [GP0405],na,C18126,na,na,62747,na,na,1
LNEG-0093,LPG(18:2/0:0),1,[M-H]-,LNEG-0093.1,79.2,1.32,507.2728432,507.2652341,507.2804523,64.2,94.2,508.2801197,C24H45O9P,na,Glycerophospholipids,Glycerophosphoglycerols,Lysophosphatidylglycerols,na,Glycerophospholipids [GP],Glycerophosphoglycerols [GP04],Monoacylglycerophosphoglycerols [GP0405],na,C18126,na,na,62747,na,na,2
LNEG-0094,LPI(0:0/16:0),1,[M-H]-,LNEG-0094.1,79.2,1.32,571.2888872,571.2803179,571.2974565,64.2,94.2,572.2961636,C25H49O12P,na,Glycerophospholipids,Glycerophosphoinositols,2-acyl-sn-glycerol-3-phosphoinositols,na,Glycerophospholipids [GP],Glycerophosphoinositols [GP06],Monoacylglycerophosphoinositols [GP0605],na,na,na,na,na,na,na,1
LNEG-0095,LPI(0:0/18:0),1,[M-H]-,LNEG-0095.1,107.4,1.79,599.3201873,599.3111975,599.3291771,92.4,122.4,600.3274638,C27H53O12P,-1.3118,Glycerophospholipids,Glycerophosphoinositols,2-acyl-sn-glycerol-3-phosphoinositols,HMDB0061704,Glycerophospholipids [GP],Glycerophosphoinositols [GP06],Monoacylglycerophosphoinositols [GP0605],na,na,59664331,na,na,"InChI=1S/C27H53O12P/c1-2-3-4-5-6-7-8-9-10-11-12-13-14-15-16-17-21(29)38-20(18-28)19-37-40(35,36)39-27-25(33)23(31)22(30)24(32)26(27)34/h20,22-28,30-34H,2-19H2,1H3,(H,35,36)/t20-,22-,23-,24+,25-,26-,27-/m1/s1",AGVRWBBFKKEVAX-CZDOQZASSA-N,1
LNEG-0096,LPI(0:0/18:1),1,[M-H]-,LNEG-0096.1,87,1.45,597.3045373,597.2955777,597.3134968,72,102,598.3118137,C27H51O12P,na,Glycerophospholipids,Glycerophosphoinositols,2-acyl-sn-glycerol-3-phosphoinositols,na,Glycerophospholipids [GP],Glycerophosphoinositols [GP06],Monoacylglycerophosphoinositols [GP0605],na,na,na,na,na,na,na,1
LNEG-0097,LPI(0:0/18:2),1,[M-H]-,LNEG-0097.1,70.2,1.17,595.2888872,595.2799579,595.2978165,55.2,85.2,596.2961636,C27H49O12P,na,Glycerophospholipids,Glycerophosphoinositols,2-acyl-sn-glycerol-3-phosphoinositols,na,Glycerophospholipids [GP],Glycerophosphoinositols [GP06],Monoacylglycerophosphoinositols [GP0605],na,na,na,na,na,na,na,2
LNEG-0098,LPI(0:0/20:3),1,[M-H]-,LNEG-0098.1,79.2,1.32,621.3045373,621.2952177,621.3138568,64.2,94.2,622.3118137,C29H51O12P,na,Glycerophospholipids,Glycerophosphoinositols,2-acyl-sn-glycerol-3-phosphoinositols,na,Glycerophospholipids [GP],Glycerophosphoinositols [GP06],Monoacylglycerophosphoinositols [GP0605],na,na,na,na,na,na,na,2
LNEG-0099,LPI(0:0/20:4),1,[M-H]-,LNEG-0099.1,70.8,1.18,619.2888872,619.2795979,619.2981765,55.8,85.8,620.2961636,C29H49O12P,na,Glycerophospholipids,Glycerophosphoinositols,2-acyl-sn-glycerol-3-phosphoinositols,na,Glycerophospholipids [GP],Glycerophosphoinositols [GP06],Monoacylglycerophosphoinositols [GP0605],na,na,na,na,na,na,na,2
LNEG-0100,LPI(16:0/0:0),1,[M-H]-,LNEG-0100.1,84.3,1.405,571.2888872,571.2803179,571.2974565,69.3,99.3,572.2961636,C25H49O12P,-1.6,Glycerophospholipids,Glycerophosphoinositols,1-acyl-sn-glycerol-3-phosphoinositols,na,Glycerophospholipids [GP],Glycerophosphoinositols [GP06],Monoacylglycerophosphoinositols [GP0605],LMGP06050002,C03819,24768046,na,28914,"InChI=1S/C25H49O12P/c1-2-3-4-5-6-7-8-9-10-11-12-13-14-15-19(27)35-16-18(26)17-36-38(33,34)37-25-23(31)21(29)20(28)22(30)24(25)32/h18,20-26,28-32H,2-17H2,1H3,(H,33,34)/t18-,20?,21-,22?,23?,24?,25-/m1/s1",UOXRPRZMAROFPH-IOHPDQHLSA-N,1
LNEG-0101,LPI(16:1/0:0),1,[M-H]-,LNEG-0101.1,67.2,1.12,569.2732371,569.264698,569.2817762,52.2,82.2,570.2805136,C25H47O12P,na,Glycerophospholipids,Glycerophosphoinositols,1-acyl-sn-glycerol-3-phosphoinositols,na,Glycerophospholipids [GP],Glycerophosphoinositols [GP06],Monoacylglycerophosphoinositols [GP0605],na,C03819,na,na,28914,na,na,2
LNEG-0102,LPI(18:0/0:0),1,[M-H]-,LNEG-0102.1,113.88,1.898,599.3201873,599.3111975,599.3291771,98.88,128.88,600.3274638,C27H53O12P,-1.3118,Glycerophospholipids,Glycerophosphoinositols,1-acyl-sn-glycerol-3-phosphoinositols,HMDB0240261,Glycerophospholipids [GP],Glycerophosphoinositols [GP06],Monoacylglycerophosphoinositols [GP0605],LMGP06050004,C03819,34448669,42607495,83054,"InChI=1S/C27H53O12P/c1-2-3-4-5-6-7-8-9-10-11-12-13-14-15-16-17-21(29)37-18-20(28)19-38-40(35,36)39-27-25(33)23(31)22(30)24(32)26(27)34/h20,22-28,30-34H,2-19H2,1H3,(H,35,36)/t20-,22-,23-,24+,25-,26-,27-/m1/s1",MXAFDFDAIFZFET-CZDOQZASSA-N,1
LNEG-0103,LPI(18:1/0:0)_1,1,[M-H]-,LNEG-0103.1,92.4,1.54,597.3045373,597.2955777,597.3134968,77.4,107.4,598.3118137,C27H51O12P,na,Glycerophospholipids,Glycerophosphoinositols,1-acyl-sn-glycerol-3-phosphoinositols,na,Glycerophospholipids [GP],Glycerophosphoinositols [GP06],Monoacylglycerophosphoinositols [GP0605],na,C03819,na,na,28914,na,na,1
LNEG-0104,LPI(18:1/0:0)_2,1,[M-H]-,LNEG-0104.1,95.94,1.599,597.3045373,597.2955777,597.3134968,80.94,110.94,598.3118137,C27H51O12P,na,Glycerophospholipids,Glycerophosphoinositols,1-acyl-sn-glycerol-3-phosphoinositols,na,Glycerophospholipids [GP],Glycerophosphoinositols [GP06],Monoacylglycerophosphoinositols [GP0605],na,C03819,na,na,28914,na,na,2
LNEG-0105,LPI(18:2/0:0),1,[M-H]-,LNEG-0105.1,74.52,1.242,595.2888872,595.2799579,595.2978165,59.52,89.52,596.2961636,C27H49O12P,na,Glycerophospholipids,Glycerophosphoinositols,1-acyl-sn-glycerol-3-phosphoinositols,na,Glycerophospholipids [GP],Glycerophosphoinositols [GP06],Monoacylglycerophosphoinositols [GP0605],na,C03819,na,na,28914,na,na,2
LNEG-0106,LPI(20:3/0:0)_1,1,[M-H]-,LNEG-0106.1,83.4,1.39,621.3045373,621.2952177,621.3138568,68.4,98.4,622.3118137,C29H51O12P,na,Glycerophospholipids,Glycerophosphoinositols,1-acyl-sn-glycerol-3-phosphoinositols,na,Glycerophospholipids [GP],Glycerophosphoinositols [GP06],Monoacylglycerophosphoinositols [GP0605],na,C03819,na,na,28914,na,na,2
LNEG-0107,LPI(20:3/0:0)_2,1,[M-H]-,LNEG-0107.1,92.4,1.54,621.3045373,621.2952177,621.3138568,77.4,107.4,622.3118137,C29H51O12P,na,Glycerophospholipids,Glycerophosphoinositols,1-acyl-sn-glycerol-3-phosphoinositols,na,Glycerophospholipids [GP],Glycerophosphoinositols [GP06],Monoacylglycerophosphoinositols [GP0605],na,C03819,na,na,28914,na,na,2
LNEG-0108,LPI(20:4/0:0),1,[M-H]-,LNEG-0108.1,74.94,1.249,619.2888872,619.2795979,619.2981765,59.94,89.94,620.2961636,C29H49O12P,na,Glycerophospholipids,Glycerophosphoinositols,1-acyl-sn-glycerol-3-phosphoinositols,na,Glycerophospholipids [GP],Glycerophosphoinositols [GP06],Monoacylglycerophosphoinositols [GP0605],na,C03819,na,na,28914,na,na,2
LNEG-0109,LPI(22:5/0:0),1,[M-H]-,LNEG-0109.1,79.2,1.32,645.3045373,645.2948577,645.3142168,64.2,94.2,646.3118137,C31H51O12P,na,Glycerophospholipids,Glycerophosphoinositols,1-acyl-sn-glycerol-3-phosphoinositols,na,Glycerophospholipids [GP],Glycerophosphoinositols [GP06],Monoacylglycerophosphoinositols [GP0605],na,C03819,na,na,28914,na,na,2
LNEG-0110,LPI(22:6/0:0),1,[M-H]-,LNEG-0110.1,72,1.2,643.2888872,643.2792379,643.2985365,57,87,644.2961636,C31H49O12P,na,Glycerophospholipids,Glycerophosphoinositols,1-acyl-sn-glycerol-3-phosphoinositols,na,Glycerophospholipids [GP],Glycerophosphoinositols [GP06],Monoacylglycerophosphoinositols [GP0605],na,C03819,na,na,28914,na,na,2
LNEG-0111,LPS(18:0/0:0),1,[M-H]-,LNEG-0111.1,112.8,1.88,524.2993923,524.2915278,524.3072568,97.8,127.8,525.3066688,C24H48NO9P,-0.7825,Glycerophospholipids,Glycerophosphoserines,1-acyl-glycerol-3-phosphoserines,HMDB0240606,Glycerophospholipids [GP],Glycerophosphoserines [GP03],Monoacylglycerophosphoserines [GP0305],LMGP03050006,C18125,24640928,42607474,85403,"InChI=1S/C24H48NO9P/c1-2-3-4-5-6-7-8-9-10-11-12-13-14-15-16-17-23(27)32-18-21(26)19-33-35(30,31)34-20-22(25)24(28)29/h21-22,26H,2-20,25H2,1H3,(H,28,29)(H,30,31)/t21-,22+/m1/s1",ZPDQFUYPBVXUKS-YADHBBJMSA-N,2
LNEG-0112,Cer(d18:1/26:0),1,[M-H]-,LNEG-0112.1,563.4,9.39,676.6613235,676.6511736,676.6714735,548.4,578.4,677.6686,C44H87NO3,4.2097,Sphingolipids,Ceramides,Long-chain ceramides,HMDB0004955,Glycerophospholipids [GP],Ceramides [SP02],N-acylsphingosines (ceramides) [SP0201],LMSP02010011,C00195,4446683,5283570,72968,"InChI=1S/C44H87NO3/c1-3-5-7-9-11-13-15-17-18-19-20-21-22-23-24-25-26-28-30-32-34-36-38-40-44(48)45-42(41-46)43(47)39-37-35-33-31-29-27-16-14-12-10-8-6-4-2/h37,39,42-43,46-47H,3-36,38,40-41H2,1-2H3,(H,45,48)/b39-37+/t42-,43+/m0/s1",CJROVRTUSFQVMR-GVOPMEMSSA-N,2
LNEG-0113,Cer(d18:2/18:0),1,[M-H]-,LNEG-0113.1,395.4,6.59,562.5204735,562.5120357,562.5289114,380.4,410.4,563.52775,C36H69NO3,na,Sphingolipids,Ceramides,Long-chain ceramides,HMDB0240362,Glycerophospholipids [GP],Ceramides [SP02],N-acylsphingosines (ceramides) [SP0201],LMSP02010170,C00195,na,132282053,17761,na,na,2
LNEG-0114,Cer(d18:2/20:0),1,[M-H]-,LNEG-0114.1,436.2,7.27,590.5517735,590.5429153,590.5606318,421.2,451.2,591.55905,C38H73NO3,na,Sphingolipids,Ceramides,Long-chain ceramides,na,Glycerophospholipids [GP],Ceramides [SP02],N-acylsphingosines (ceramides) [SP0201],LMSP02010026,C00195,na,52931120,17761,na,na,2
LNEG-0115,Cer(d20:1/24:0),1,[M-H]-,LNEG-0115.1,560.4,9.34,676.6613235,676.6511736,676.6714735,545.4,575.4,677.6686,C44H87NO3,na,Sphingolipids,Ceramides,Long-chain ceramides,na,Glycerophospholipids [GP],Ceramides [SP02],N-acylsphingosines (ceramides) [SP0201],na,C00195,na,na,17761,na,na,2
LNEG-0116,Cer(d34:0);Cer(d18:0/16:0) | Cer(d16:0/18:0),1,[M-H]-,LNEG-0116.1,398.4,6.64,538.5204735,538.5123957,538.5285514,383.4,413.4,539.52775,C34H69NO3,na,Sphingolipids,Ceramides,Long-chain ceramides,na,Glycerophospholipids [GP],Ceramides [SP02],N-acylsphingosines (ceramides) [SP0201],na,C00195,na,na,17761,na,na,2
LNEG-0117,NAPE(O-18:1/18:1/16:0) and/or NAPE(P-18:0/18:1/16:0),1,[M-H]-,LNEG-0117.1,557.4,9.29,966.7896335,966.7751317,966.8041354,542.4,572.4,967.79691,C57H110NO8P,na,na,na,na,na,Glycerophospholipids [GP],Glycerophosphoethanolamines [GP02],na,na,na,na,na,na,na,na,2
LNEG-0118,NAPE(O-18:1/20:4/16:0) and/or NAPE(P-18:0/20:4/16:0),1,[M-H]-,LNEG-0118.1,537,8.95,988.7739835,988.7591519,988.7888152,522,552,989.78126,C59H108NO8P,na,na,na,na,na,Glycerophospholipids [GP],Glycerophosphoethanolamines [GP02],na,na,na,na,na,na,na,na,2
LNEG-0119,NAPE(O-18:1/20:4/18:0) and/or NAPE(P-18:0/20:4/18:0),1,[M-H]-,LNEG-0119.1,557.4,9.29,1016.805284,1016.790031,1016.820536,542.4,572.4,1017.81256,C61H112NO8P,na,na,na,na,na,Glycerophospholipids [GP],Glycerophosphoethanolamines [GP02],na,na,na,na,na,na,na,na,2
LNEG-0120,NAPE(O-18:1/20:4/18:1) and/or NAPE(P-18:0/20:4/18:1),1,[M-H]-,LNEG-0120.1,541.8,9.03,1014.789634,1014.774412,1014.804855,526.8,556.8,1015.79691,C61H110NO8P,na,na,na,na,na,Glycerophospholipids [GP],Glycerophosphoethanolamines [GP02],na,na,na,na,na,na,na,na,2
LNEG-0121,NAPE(O-18:1/22:5/18:0) and/or NAPE(P-18:0/22:5/18:0)|NAPE(O-18:1/22:4/18:1) and/or NAPE(P-18:0/22:4/18:1),1,[M-H]-,LNEG-0121.1,555,9.25,1042.820934,1042.805291,1042.836576,540,570,1043.82821,C63H114NO8P,na,na,na,na,na,Glycerophospholipids [GP],Glycerophosphoethanolamines [GP02],na,na,na,na,na,na,na,na,2
LNEG-0122,PA(16:0/18:1),1,[M-H]-,LNEG-0122.1,344.4,5.74,673.4813835,673.4712813,673.4914858,329.4,359.4,674.48866,C37H71O8P,na,Glycerophospholipids,Glycerophosphates,"1,2-diacylglycerol-3-phosphates",na,Glycerophospholipids [GP],Glycerophosphates [GP10],Diacylglycerophosphates [GP1001],na,C00416,na,na,16337,na,na,1
LNEG-0123,PA(16:0/18:2),1,[M-H]-,LNEG-0123.1,315.6,5.26,671.4657335,671.4556616,671.4758055,300.6,330.6,672.47301,C37H69O8P,na,Glycerophospholipids,Glycerophosphates,"1,2-diacylglycerol-3-phosphates",na,Glycerophospholipids [GP],Glycerophosphates [GP10],Diacylglycerophosphates [GP1001],na,C00416,na,na,16337,na,na,1
LNEG-0124,PA(18:0/18:1),1,[M-H]-,LNEG-0124.1,366,6.1,701.5126835,701.5021609,701.5232062,351,381,702.51996,C39H75O8P,na,Glycerophospholipids,Glycerophosphates,"1,2-diacylglycerol-3-phosphates",na,Glycerophospholipids [GP],Glycerophosphates [GP10],Diacylglycerophosphates [GP1001],na,C00416,na,na,16337,na,na,1
LNEG-0125,PA(36:2);PA(18:0/18:2) | PA(18:1/18:1),1,[M-H]-,LNEG-0125.1,353.4,5.89,699.4970335,699.4865411,699.507526,338.4,368.4,700.50431,C39H73O8P,na,Glycerophospholipids,Glycerophosphates,"1,2-diacylglycerol-3-phosphates",na,Glycerophospholipids [GP],Glycerophosphates [GP10],Diacylglycerophosphates [GP1001],na,C00416,na,na,16337,na,na,2
LNEG-0126,PA(O-18:1/20:4) and/or PA(P-18:0/20:4),1,[M-H]-,LNEG-0126.1,373.8,6.23,707.5021135,707.491501,707.5127261,358.8,388.8,708.50939,C41H73O7P,na,Glycerophospholipids,Glycerophosphates,"1-alkyl,2-acylglycerophosphates",na,Glycerophospholipids [GP],Glycerophosphates [GP10],"1-alkyl,2-acylglycerophosphates [GP1002]",na,C05977,na,na,37296,na,na,2
LNEG-0127,PE(16:0/18:1),1,[M-H]-,LNEG-0127.1,397.2,6.62,716.5235835,716.5128357,716.5343314,382.2,412.2,717.53086,C39H76NO8P,na,Glycerophospholipids,Glycerophosphoethanolamines,Phosphatidylethanolamines,na,Glycerophospholipids [GP],Glycerophosphoethanolamines [GP02],Diacylglycerophosphoethanolamines [GP0201],na,C00350,na,na,16038,na,na,1
LNEG-0128,PE(16:0/20:3);PE(18:1/18:2) | PE(18:0/18:3),1,[M-H]-,LNEG-0128.1,378.9,6.315,740.5235835,740.5124757,740.5346914,363.9,393.9,741.53086,C41H76NO8P,na,Glycerophospholipids,Glycerophosphoethanolamines,Phosphatidylethanolamines,na,Glycerophospholipids [GP],Glycerophosphoethanolamines [GP02],Diacylglycerophosphoethanolamines [GP0201],na,C00350,na,na,16038,na,na,2
LNEG-0129,PE(18:0/16:0),1,[M-H]-,LNEG-0129.1,427.8,7.13,718.5392335,718.5284555,718.5500116,412.8,442.8,719.54651,C39H78NO8P,1.8908,Glycerophospholipids,Glycerophosphoethanolamines,Phosphatidylethanolamines,HMDB0008989,Glycerophospholipids [GP],Glycerophosphoethanolamines [GP02],Diacylglycerophosphoethanolamines [GP0201],LMGP02011205,C00350,393306,445757,16038,"InChI=1S/C39H78NO8P/c1-3-5-7-9-11-13-15-17-18-20-21-23-25-27-29-31-38(41)45-35-37(36-47-49(43,44)46-34-33-40)48-39(42)32-30-28-26-24-22-19-16-14-12-10-8-6-4-2/h37H,3-36,40H2,1-2H3,(H,43,44)/t37-/m1/s1",JRTZGTYHEHCHTM-DIPNUNPCSA-N,2
LNEG-0130,PE(18:0/18:2),1,[M-H]-,LNEG-0130.1,407.1,6.785,742.5392335,742.5280955,742.5503716,392.1,422.1,743.54651,C41H78NO8P,na,Glycerophospholipids,Glycerophosphoethanolamines,Phosphatidylethanolamines,na,Glycerophospholipids [GP],Glycerophosphoethanolamines [GP02],Diacylglycerophosphoethanolamines [GP0201],na,C00350,na,na,16038,na,na,1
LNEG-0131,PE(18:0/20:3),1,[M-H]-,LNEG-0131.1,417.6,6.96,768.5548835,768.5433552,768.5664119,402.6,432.6,769.56216,C43H80NO8P,na,Glycerophospholipids,Glycerophosphoethanolamines,Phosphatidylethanolamines,na,Glycerophospholipids [GP],Glycerophosphoethanolamines [GP02],Diacylglycerophosphoethanolamines [GP0201],na,C00350,na,na,16038,na,na,2
LNEG-0132,PE(18:0/22:4),1,[M-H]-,LNEG-0132.1,430.8,7.18,794.5705335,794.558615,794.5824521,415.8,445.8,795.57781,C45H82NO8P,na,Glycerophospholipids,Glycerophosphoethanolamines,Phosphatidylethanolamines,na,Glycerophospholipids [GP],Glycerophosphoethanolamines [GP02],Diacylglycerophosphoethanolamines [GP0201],na,C00350,na,na,16038,na,na,2
LNEG-0133,PE(18:0/22:5),1,[M-H]-,LNEG-0133.1,404.82,6.747,792.5548835,792.5429952,792.5667719,389.82,419.82,793.56216,C45H80NO8P,na,Glycerophospholipids,Glycerophosphoethanolamines,Phosphatidylethanolamines,na,Glycerophospholipids [GP],Glycerophosphoethanolamines [GP02],Diacylglycerophosphoethanolamines [GP0201],na,C00350,na,na,16038,na,na,2
LNEG-0134,PE(18:0/22:6),1,[M-H]-,LNEG-0134.1,394.98,6.583,790.5392335,790.5273755,790.5510916,379.98,409.98,791.54651,C45H78NO8P,na,Glycerophospholipids,Glycerophosphoethanolamines,Phosphatidylethanolamines,na,Glycerophospholipids [GP],Glycerophosphoethanolamines [GP02],Diacylglycerophosphoethanolamines [GP0201],na,C00350,na,na,16038,na,na,2
LNEG-0135,PE(18:1/18:2),1,[M-H]-,LNEG-0135.1,374.22,6.237,740.5235835,740.5124757,740.5346914,359.22,389.22,741.53086,C41H76NO8P,na,Glycerophospholipids,Glycerophosphoethanolamines,Phosphatidylethanolamines,na,Glycerophospholipids [GP],Glycerophosphoethanolamines [GP02],Diacylglycerophosphoethanolamines [GP0201],na,C00350,na,na,16038,na,na,2
LNEG-0136,PE(20:1/20:4),1,[M-H]-,LNEG-0136.1,410.4,6.84,792.5548835,792.5429952,792.5667719,395.4,425.4,793.56216,C45H80NO8P,na,Glycerophospholipids,Glycerophosphoethanolamines,Phosphatidylethanolamines,na,Glycerophospholipids [GP],Glycerophosphoethanolamines [GP02],Diacylglycerophosphoethanolamines [GP0201],na,C00350,na,na,16038,na,na,2
LNEG-0137,PE(O-16:0/22:6),1,[M-H]-,LNEG-0137.1,379.56,6.326,748.5286635,748.5174356,748.5398915,364.56,394.56,749.53594,C43H76NO7P,na,Glycerophospholipids,Glycerophosphoethanolamines,"1-alkyl,2-acylglycerophosphoethanolamines",na,Glycerophospholipids [GP],Glycerophosphoethanolamines [GP02],"1-alkyl,2-acylglycerophosphoethanolamines [GP0202]",na,C04475,na,na,36712,na,na,2
LNEG-0138,PE(O-16:1/18:2) and/or PE(P-16:0/18:2),1,[M-H]-,LNEG-0138.1,389.7,6.495,698.5130135,698.5025359,698.5234912,374.7,404.7,699.52029,C39H74NO7P,na,Glycerophospholipids,Glycerophosphoethanolamines,na,na,Glycerophospholipids [GP],Glycerophosphoethanolamines [GP02],na,na,na,na,na,35366,na,na,2
LNEG-0139,PE(O-16:1/20:4) and/or PE(P-16:0/20:4),1,[M-H]-,LNEG-0139.1,387,6.45,722.5130135,722.5021759,722.5238512,372,402,723.52029,C41H74NO7P,na,Glycerophospholipids,Glycerophosphoethanolamines,na,na,Glycerophospholipids [GP],Glycerophosphoethanolamines [GP02],na,na,na,na,na,na,na,na,2
LNEG-0140,PE(O-16:1/22:5) and/or PE(P-16:0/22:5),1,[M-H]-,LNEG-0140.1,387.12,6.452,748.5286635,748.5174356,748.5398915,372.12,402.12,749.53594,C43H76NO7P,na,Glycerophospholipids,Glycerophosphoethanolamines,na,na,Glycerophospholipids [GP],Glycerophosphoethanolamines [GP02],na,na,na,na,na,na,na,na,2
LNEG-0141,PE(O-16:1/22:6) and/or PE(P-16:0/22:6),1,[M-H]-,LNEG-0141.1,375.72,6.262,746.5130135,746.5018159,746.5242112,360.72,390.72,747.52029,C43H74NO7P,na,Glycerophospholipids,Glycerophosphoethanolamines,na,na,Glycerophospholipids [GP],Glycerophosphoethanolamines [GP02],na,na,na,na,na,na,na,na,2
LNEG-0142,PE(O-18:1/18:1) and/or PE(P-18:0/18:1),1,[M-H]-,LNEG-0142.1,458.1,7.635,728.5599635,728.5490351,728.5708919,443.1,473.1,729.56724,C41H80NO7P,na,Glycerophospholipids,Glycerophosphoethanolamines,na,na,Glycerophospholipids [GP],Glycerophosphoethanolamines [GP02],na,na,na,na,na,na,na,na,2
LNEG-0143,PE(O-18:1/18:2) and/or PE(P-18:0/18:2),1,[M-H]-,LNEG-0143.1,429.72,7.162,726.5443135,726.5334154,726.5552117,414.72,444.72,727.55159,C41H78NO7P,na,Glycerophospholipids,Glycerophosphoethanolamines,na,na,Glycerophospholipids [GP],Glycerophosphoethanolamines [GP02],na,na,na,na,na,na,na,na,2
LNEG-0144,PE(O-18:1/22:4) and/or PE(P-18:0/22:4),1,[M-H]-,LNEG-0144.1,451.5,7.525,778.5756135,778.5639349,778.5872922,436.5,466.5,779.58289,C45H82NO7P,na,Glycerophospholipids,Glycerophosphoethanolamines,na,na,Glycerophospholipids [GP],Glycerophosphoethanolamines [GP02],na,na,na,na,na,na,na,na,2
LNEG-0145,PE(O-18:2/18:2) and/or PE(P-18:1/18:2),1,[M-H]-,LNEG-0145.1,390.36,6.506,724.5286635,724.5177956,724.5395315,375.36,405.36,725.53594,C41H76NO7P,na,Glycerophospholipids,Glycerophosphoethanolamines,na,na,Glycerophospholipids [GP],Glycerophosphoethanolamines [GP02],na,na,na,na,na,na,na,na,2
LNEG-0146,PE(O-18:2/20:4)  and/or PE(P-18:1/20:4),1,[M-H]-,LNEG-0146.1,394.2,6.57,748.5286635,748.5174356,748.5398915,379.2,409.2,749.53594,C43H76NO7P,na,Glycerophospholipids,Glycerophosphoethanolamines,na,na,Glycerophospholipids [GP],Glycerophosphoethanolamines [GP02],na,na,na,na,na,na,na,na,2
LNEG-0149,PS(18:0/18:1),1,[M-H]-,LNEG-0149.1,368.04,6.134,788.5447035,788.5328754,788.5565317,353.04,383.04,789.55198,C42H80NO10P,na,Glycerophospholipids,Glycerophosphoserines,Phosphatidylserines,na,Glycerophospholipids [GP],Glycerophosphoserines [GP03],Diacylglycerophosphoserines [GP0301],na,C02737,na,na,18303,na,na,2
LNEG-0150,Sulfo2HexCer(d34:1),1,[M-H]-,LNEG-0150.1,285.6,4.76,940.5672835,940.553175,940.5813921,270.6,300.6,941.57456,C46H87NO16S,na,Sphingolipids,Glycosphingolipids,na,na,Sphingolipids [SP],Acidic glycosphingolipids [SP06],na,na,na,na,C06127,na,na,na,2
LNEG-0151,Sulfo2HexCer(d40:1),1,[M-H]-,LNEG-0151.1,404.4,6.74,1024.661184,1024.645814,1024.676553,389.4,419.4,1025.66846,C52H99NO16S,na,Sphingolipids,Glycosphingolipids,na,na,Sphingolipids [SP],Acidic glycosphingolipids [SP06],na,na,na,na,C06127,na,na,na,2
LNEG-0152,Sulfo2HexCer(d41:1),1,[M-H]-,LNEG-0152.1,423,7.05,1038.676834,1038.661253,1038.692414,408,438,1039.68411,C53H101NO16S,na,Sphingolipids,Glycosphingolipids,na,na,Sphingolipids [SP],Acidic glycosphingolipids [SP06],na,na,na,na,C06127,na,na,na,2
LNEG-0153,Sulfo2HexCer(d42:1),1,[M-H]-,LNEG-0153.1,439.8,7.33,1052.692484,1052.676693,1052.708274,424.8,454.8,1053.69976,C54H103NO16S,na,Sphingolipids,Glycosphingolipids,na,na,Sphingolipids [SP],Acidic glycosphingolipids [SP06],na,na,na,na,C06127,na,na,na,2
LNEG-0154,Sulfo2HexCer(d42:2),1,[M-H]-,LNEG-0154.1,403.2,6.72,1050.676834,1050.661073,1050.692594,388.2,418.2,1051.68411,C54H101NO16S,na,Sphingolipids,Glycosphingolipids,na,na,Sphingolipids [SP],Acidic glycosphingolipids [SP06],na,na,na,na,C06127,na,na,na,2
LNEG-0155,SulfoHexCer(d18:1/16:0(OH)),1,[M-H]-,LNEG-0155.1,274.32,4.572,794.5093735,794.4974559,794.5212912,259.32,289.32,795.51665,C40H77NO12S,na,Sphingolipids,Glycosphingolipids,na,na,Sphingolipids [SP],Acidic glycosphingolipids [SP06],Sulfoglycosphingolipids (sulfatides) [SP0602],na,na,na,na,na,na,na,2
LNEG-0156,SulfoHexCer(d18:1/18:0(OH)),1,[M-H]-,LNEG-0156.1,313.2,5.22,822.5406735,822.5283354,822.5530117,298.2,328.2,823.54795,C42H81NO12S,na,Sphingolipids,Glycosphingolipids,na,na,Sphingolipids [SP],Acidic glycosphingolipids [SP06],Sulfoglycosphingolipids (sulfatides) [SP0602],na,na,na,na,na,na,na,2
LNEG-0157,SulfoHexCer(d18:1/18:0),1,[M-H]-,LNEG-0157.1,322.8,5.38,806.5457535,806.5336554,806.5578517,307.8,337.8,807.55303,C42H81NO11S,0.0846,Sphingolipids,Glycosphingolipids,Sulfatides,HMDB0012314,Sphingolipids [SP],Acidic glycosphingolipids [SP06],Sulfoglycosphingolipids (sulfatides) [SP0602],LMSP06020001,C06125,4696849,5771775,18318,"InChI=1S/C42H81NO11S/c1-3-5-7-9-11-13-15-17-18-20-22-24-26-28-30-32-38(46)43-35(36(45)31-29-27-25-23-21-19-16-14-12-10-8-6-4-2)34-52-42-40(48)41(54-55(49,50)51)39(47)37(33-44)53-42/h29,31,35-37,39-42,44-45,47-48H,3-28,30,32-34H2,1-2H3,(H,43,46)(H,49,50,51)/b31-29+/t35-,36+,37+,39-,40?,41?,42+/m0/s1",GQQZXRPXBDJABR-XMDONHODSA-N,2
LNEG-0158,SulfoHexCer(d18:1/18:1),1,[M-H]-,LNEG-0158.1,293.4,4.89,804.5301035,804.5180356,804.5421715,278.4,308.4,805.53738,C42H79NO11S,na,Sphingolipids,Glycosphingolipids,Sulfatides,na,Sphingolipids [SP],Acidic glycosphingolipids [SP06],Sulfoglycosphingolipids (sulfatides) [SP0602],na,C06125,na,na,18318,na,na,2
LNEG-0159,SulfoHexCer(d18:1/20:0(OH)),1,[M-H]-,LNEG-0159.1,353.4,5.89,850.5719735,850.559215,850.5847321,338.4,368.4,851.57925,C44H85NO12S,na,Sphingolipids,Glycosphingolipids,na,na,Sphingolipids [SP],Acidic glycosphingolipids [SP06],Sulfoglycosphingolipids (sulfatides) [SP0602],na,na,na,na,na,na,na,2
LNEG-0160,SulfoHexCer(d18:1/22:0(OH)),1,[M-H]-,LNEG-0160.1,393.36,6.556,878.6032735,878.5900945,878.6164526,378.36,408.36,879.61055,C46H89NO12S,na,Sphingolipids,Glycosphingolipids,na,na,Sphingolipids [SP],Acidic glycosphingolipids [SP06],Sulfoglycosphingolipids (sulfatides) [SP0602],na,na,na,na,na,na,na,2
LNEG-0161,SulfoHexCer(d18:1/24:0(OH)),1,[M-H]-,LNEG-0161.1,430.02,7.167,906.6345735,906.620974,906.6481731,415.02,445.02,907.64185,C48H93NO12S,na,Sphingolipids,Glycosphingolipids,na,na,Sphingolipids [SP],Acidic glycosphingolipids [SP06],Sulfoglycosphingolipids (sulfatides) [SP0602],na,na,na,na,na,na,na,2
LNEG-0162,SulfoHexCer(d18:1/24:1(OH)),1,[M-H]-,LNEG-0162.1,392.58,6.543,904.6189235,904.6053543,904.6324928,377.58,407.58,905.6262,C48H91NO12S,na,Sphingolipids,Glycosphingolipids,na,na,Sphingolipids [SP],Acidic glycosphingolipids [SP06],Sulfoglycosphingolipids (sulfatides) [SP0602],na,na,na,na,na,na,na,2
LNEG-0163,SulfoHexCer(d18:1/24:1),1,[M-H]-,LNEG-0163.1,400.2,6.67,888.6240035,888.6106742,888.6373329,385.2,415.2,889.63128,C48H91NO11S,na,Sphingolipids,Glycosphingolipids,Sulfatides,na,Sphingolipids [SP],Acidic glycosphingolipids [SP06],Sulfoglycosphingolipids (sulfatides) [SP0602],na,C06125,na,na,18318,na,na,2
LNEG-0164,SulfoHexCer(d18:2/16:0(OH)),1,[M-H]-,LNEG-0164.1,243.96,4.066,792.4937235,792.4818361,792.505611,228.96,258.96,793.501,C40H75NO12S,na,Sphingolipids,Glycosphingolipids,na,na,Sphingolipids [SP],Acidic glycosphingolipids [SP06],Sulfoglycosphingolipids (sulfatides) [SP0602],na,na,na,na,na,na,na,2
LNEG-0165,SulfoHexCer(d18:2/22:0(OH)),1,[M-H]-,LNEG-0165.1,364.2,6.07,876.5876235,876.5744747,876.6007724,349.2,379.2,877.5949,C46H87NO12S,na,Sphingolipids,Glycosphingolipids,na,na,Sphingolipids [SP],Acidic glycosphingolipids [SP06],Sulfoglycosphingolipids (sulfatides) [SP0602],na,na,na,na,na,na,na,2
LNEG-0166,SulfoHexCer(d18:2/22:0),1,[M-H]-,LNEG-0166.1,373.8,6.69,860.5927035,860.5797947,860.6056124,358.8,388.8,861.59998,C46H89NO11S,na,Sphingolipids,Glycosphingolipids,Sulfatides,na,Sphingolipids [SP],Acidic glycosphingolipids [SP06],Sulfoglycosphingolipids (sulfatides) [SP0602],na,C06125,na,na,18318,na,na,2
LNEG-0167,SulfoHexCer(d18:2/24:0(OH)),1,[M-H]-,LNEG-0167.1,404.34,6.739,904.6189235,904.6053543,904.6324928,389.34,419.34,905.6262,C48H91NO12S,na,Sphingolipids,Glycosphingolipids,na,na,Sphingolipids [SP],Acidic glycosphingolipids [SP06],Sulfoglycosphingolipids (sulfatides) [SP0602],na,na,na,na,na,na,na,2
LNEG-0168,SulfoHexCer(d18:2/24:1),1,[M-H]-,LNEG-0168.1,372.6,6.21,886.6083535,886.5950544,886.6216527,357.6,387.6,887.61563,C48H89NO11S,na,Sphingolipids,Glycosphingolipids,Sulfatides,na,Sphingolipids [SP],Acidic glycosphingolipids [SP06],Sulfoglycosphingolipids (sulfatides) [SP0602],na,C06125,na,na,18318,na,na,2
