CompoundID,cpdName,feature,ion,IonID,rt,rt_minutes,mz,Monoisotopic_mass,chemicalFormula,logPRDKit,HMDBClass,HMDBSubClass,HMDBDirectParent,HMDBID,LmapsCategory,LmapsMainclass,LMapsSubclass,LMapsID,KEGGID,chemspiderID,PubChemID,IUPAC,InChI,InChIKey,MSIAnnotationLevel
LNEG-0001,Bilirubin,1,[M-H]-,LNEG-0001.1,69.96,1.166,583.2562084,584.2634849,C33H36N4O6,,Tetrapyrroles and derivatives,Bilirubins,Bilirubins,HMDB0000054,,,,,,,5280352,NA,,,2
LNEG-0002,Lauric acid FA(12:0),1,[M-H]-,LNEG-0002.1,95.76,1.596,199.1703535,200.17763,C12H24O2,0.8649,Fatty Acyls,Fatty acids and conjugates,Medium-chain fatty acids,HMDB0000638,Fatty Acyls [FA],Fatty Acids and Conjugates [FA01],Straight chain fatty acids [FA0101],LMFA01010012,C02679,3756,3893,dodecanoic acid,"InChI=1S/C12H24O2/c1-2-3-4-5-6-7-8-9-10-11-12(13)14/h2-11H2,1H3,(H,13,14)",POULHZVOKOAJMA-UHFFFAOYSA-N,2
LNEG-0003,Myristic acid FA(14:0),1,[M-H]-,LNEG-0003.1,129.18,2.153,227.2016536,228.2089301,C14H28O2,1.1531,Fatty Acyls,Fatty acids and conjugates,Long-chain fatty acids,HMDB0000806,Fatty Acyls [FA],Fatty Acids and Conjugates [FA01],Straight chain fatty acids [FA0101],LMFA01010014,C06424,10539,11005,tetradecanoic acid,"InChI=1S/C14H28O2/c1-2-3-4-5-6-7-8-9-10-11-12-13-14(15)16/h2-13H2,1H3,(H,15,16)",TUNFSRHWOTWDNC-UHFFFAOYSA-N,2
LNEG-0004,Palmitic acid FA(16:0),1,[M-H]-,LNEG-0004.1,164.82,2.747,255.2329538,256.2402303,C16H32O2,1.4413,Fatty Acyls,Fatty acids and conjugates,Long-chain fatty acids,HMDB0000220,Fatty Acyls [FA],Fatty Acids and Conjugates [FA01],Straight chain fatty acids [FA0101],LMFA01010001,C00249,960,985,hexadecanoic acid,"InChI=1S/C16H32O2/c1-2-3-4-5-6-7-8-9-10-11-12-13-14-15-16(17)18/h2-15H2,1H3,(H,17,18)",IPCSVZSSVZVIGE-UHFFFAOYSA-N,1
LNEG-0005,Hexadecenoic acid FA(16:1),1,[M-H]-,LNEG-0005.1,137.94,2.299,253.2173037,254.2245802,C16H30O2,,Fatty Acyls,Fatty acids and conjugates,Long-chain fatty acids,,Fatty Acyls [FA],Fatty Acids and Conjugates [FA01],Unsaturated fatty acids [FA0103],,NA,NA,NA,NA,,,2
LNEG-0006,Heptadecenoic acid FA(17:1),1,[M-H]-,LNEG-0006.1,155.04,2.584,267.2329538,268.2402303,C17H32O2,,Fatty Acyls,Fatty acids and conjugates,Long-chain fatty acids,,Fatty Acyls [FA],Fatty Acids and Conjugates [FA01],Unsaturated fatty acids [FA0103],,NA,NA,NA,NA,,,2
LNEG-0007,Stearic acid FA(18:0),1,[M-H]-,LNEG-0007.1,206.7,3.445,283.2642539,284.2715304,C18H36O2,1.7295,Fatty Acyls,Fatty acids and conjugates,Long-chain fatty acids,HMDB0000827,Fatty Acyls [FA],Fatty Acids and Conjugates [FA01],Straight chain fatty acids [FA0101],LMFA01010018,C01530,5091,5281,octadecanoic acid,"InChI=1S/C18H36O2/c1-2-3-4-5-6-7-8-9-10-11-12-13-14-15-16-17-18(19)20/h2-17H2,1H3,(H,19,20)",QIQXTHQIDYTFRH-UHFFFAOYSA-N,1
LNEG-0008,Hydroxyoctadecenoic acid FA(18:1(OH)),1,[M-H]-,LNEG-0008.1,108.12,1.802,297.2435184,298.2507949,C18H34O3,,Fatty Acyls,Fatty acids and conjugates,Long-chain fatty acids,,Fatty Acyls [FA],Fatty Acids and Conjugates [FA01],Hydroxy fatty acids [FA0105],,,NA,,NA,,,2
LNEG-0009,Octadecenoic acid FA(18:1),1,[M-H]-,LNEG-0009.1,173.82,2.897,281.2486038,282.2558803,C18H34O2,,Fatty Acyls,Fatty acids and conjugates,Long-chain fatty acids,,Fatty Acyls [FA],Fatty Acids and Conjugates [FA01],Unsaturated fatty acids [FA0103],,,,,NA,,,1
LNEG-0010,HydroxyLinoleic acid FA(18:2(OH)),1,[M-H]-,LNEG-0010.1,79.32,1.322,295.2278684,296.2351449,C18H32O3,,Fatty Acyls,Fatty acids and conjugates,Long-chain fatty acids,,Fatty Acyls [FA],Fatty Acids and Conjugates [FA01],Hydroxy fatty acids [FA0105],,,NA,,NA,,,2
LNEG-0011,Octadecadienoic acid FA(18:2),1,[M-H]-,LNEG-0011.1,148.02,2.467,279.2329538,280.2402303,C18H32O2,,Fatty Acyls,Fatty acids and conjugates,Long-chain fatty acids,,Fatty Acyls [FA],Fatty Acids and Conjugates [FA01],Unsaturated fatty acids [FA0103],,,,,NA,,,1
LNEG-0012,Octadecatrienoic acid FA(18:3)_1,1,[M-H]-,LNEG-0012.1,127.2,2.12,277.2173037,278.2245802,C18H30O2,,Fatty Acyls,Fatty acids and conjugates,Long-chain fatty acids,,Fatty Acyls [FA],Fatty Acids and Conjugates [FA01],Unsaturated fatty acids [FA0103],,,,,NA,,,2
LNEG-0013,Octadecatrienoic acid FA(18:3)_2,1,[M-H]-,LNEG-0013.1,131.34,2.189,277.2173037,278.2245802,C18H30O2,,Fatty Acyls,Fatty acids and conjugates,Long-chain fatty acids,,Fatty Acyls [FA],Fatty Acids and Conjugates [FA01],Unsaturated fatty acids [FA0103],,,,,NA,,,2
LNEG-0014,Octadecatetraenoic acid FA(18:4),1,[M-H]-,LNEG-0014.1,111,1.85,275.2016536,276.2089301,C18H28O2,,Fatty Acyls,Fatty acids and conjugates,Long-chain fatty acids,,Fatty Acyls [FA],Fatty Acids and Conjugates [FA01],Unsaturated fatty acids [FA0103],,,,,NA,,,2
LNEG-0015,Arachidic acid FA(20:0),1,[M-H]-,LNEG-0015.1,254.22,4.237,311.295554,312.3028305,C20H40O2,2.0177,Fatty Acyls,Fatty acids and conjugates,Long-chain fatty acids,HMDB0002212,Fatty Acyls [FA],Fatty Acids and Conjugates [FA01],Straight chain fatty acids [FA0101],LMFA01010020,C06425,10035,10467, icosanoic acid,"InChI=1S/C20H40O2/c1-2-3-4-5-6-7-8-9-10-11-12-13-14-15-16-17-18-19-20(21)22/h2-19H2,1H3,(H,21,22)",VKOBVWXKNCXXDE-UHFFFAOYSA-N,2
LNEG-0016,Eicosenoic acid FA(20:1),1,[M-H]-,LNEG-0016.1,213.24,3.554,309.279904,310.2871805,C20H38O2,,Fatty Acyls,Fatty acids and conjugates,Long-chain fatty acids,,Fatty Acyls [FA],Fatty Acids and Conjugates [FA01],Unsaturated fatty acids [FA0103],,,,,NA,,,2
LNEG-0017,Eicosadienoic acid FA(20:2),1,[M-H]-,LNEG-0017.1,182.22,3.037,307.2642539,308.2715304,C20H36O2,,Fatty Acyls,Fatty acids and conjugates,Long-chain fatty acids,,Fatty Acyls [FA],Fatty Acids and Conjugates [FA01],Unsaturated fatty acids [FA0103],,,,,NA,,,2
LNEG-0018,Eicosatrienoic acid FA(20:3),1,[M-H]-,LNEG-0018.1,159.84,2.664,305.2486038,306.2558803,C20H34O2,,Fatty Acyls,Fatty acids and conjugates,Long-chain fatty acids,,Fatty Acyls [FA],Fatty Acids and Conjugates [FA01],Unsaturated fatty acids [FA0103],,,,,NA,,,2
LNEG-0019,Eicosatetraenoic acid FA(20:4),1,[M-H]-,LNEG-0019.1,145.5,2.425,303.2329538,304.2402303,C20H32O2,,Fatty Acyls,Fatty acids and conjugates,Long-chain fatty acids,,Fatty Acyls [FA],Fatty Acids and Conjugates [FA01],Unsaturated fatty acids [FA0103],,,,,NA,,,2
LNEG-0020,Eicosapentaenoic acid FA(20:5),1,[M-H]-,LNEG-0020.1,125.1,2.085,301.2173037,302.2245802,C20H30O2,,Fatty Acyls,Fatty acids and conjugates,Long-chain fatty acids,,Fatty Acyls [FA],Fatty Acids and Conjugates [FA01],Unsaturated fatty acids [FA0103],,,,,NA,,,2
LNEG-0021,Docosatetraenoic acid FA(22:4),1,[M-H]-,LNEG-0021.1,173.1,2.885,331.2642539,332.2715304,C22H36O2,,Fatty Acyls,Fatty acids and conjugates,Very long-chain fatty acids,,Fatty Acyls [FA],Fatty Acids and Conjugates [FA01],Unsaturated fatty acids [FA0103],,,,,NA,,,2
LNEG-0022,Docosapentaenoic acid FA(22:5)_1,1,[M-H]-,LNEG-0022.1,151.2,2.52,329.2486038,330.2558803,C22H34O2,,Fatty Acyls,Fatty acids and conjugates,Very long-chain fatty acids,,Fatty Acyls [FA],Fatty Acids and Conjugates [FA01],Unsaturated fatty acids [FA0103],,,,,NA,,,2
LNEG-0023,Docosapentaenoic acid FA(22:5)_2,1,[M-H]-,LNEG-0023.1,159.36,2.656,329.2486038,330.2558803,C22H34O2,,Fatty Acyls,Fatty acids and conjugates,Very long-chain fatty acids,,Fatty Acyls [FA],Fatty Acids and Conjugates [FA01],Unsaturated fatty acids [FA0103],,,,,NA,,,2
LNEG-0024,Docosahexaenoic FA(22:6),1,[M-H]-,LNEG-0024.1,139.08,2.318,327.2329538,328.2402303,C22H32O2,,Fatty Acyls,Fatty acids and conjugates,Very long-chain fatty acids,,Fatty Acyls [FA],Fatty Acids and Conjugates [FA01],Unsaturated fatty acids [FA0103],,,,,NA,,,2
LNEG-0044,LPE(18:1/0:0)_1,1,[M-H]-,LNEG-0044.1,121.38,2.023,478.2939129,479.3011894,C23H46NO7P,,Glycerophospholipids,Glycerophosphoethanolamines,1-acyl-sn-glycero-3-phosphoethanolamines,,Glycerophospholipids [GP],Glycerophosphoethanolamines [GP02],Monoacylglycerophosphoethanolamines [GP0205],,C04438,,,NA,,,1
LNEG-0046,Cholesterol Sulfate_1,1,[M-H]-,LNEG-0046.1,148.26,2.471,465.3044045,466.311681,C27H46O4S,1.3828,Steroids and steroid derivatives,Cholestane steroids,Cholesterols and derivatives,HMDB0000653,Sterol Lipids [ST],Steroid conjugates [ST05],Sulfates [ST0502],LMST05020016,C18043,58586,65076,"[(1S,2R,5S,10S,11S,14R,15R)-2,15-dimethyl-14-[(2R)-6-methylheptan-2-yl]tetracyclo[8.7.0.0Â²,?.0Â¹Â¹,Â¹?]heptadec-7-en-5-yl]oxidanesulfonic acid","InChI=1S/C27H46O4S/c1-18(2)7-6-8-19(3)23-11-12-24-22-10-9-20-17-21(31-32(28,29)30)13-15-26(20,4)25(22)14-16-27(23,24)5/h9,18-19,21-25H,6-8,10-17H2,1-5H3,(H,28,29,30)/t19-,21+,22+,23-,24+,25+,26+,27-/m1/s1",BHYOQNUELFTYRT-DPAQBDIFSA-N,1
LNEG-0047,Cholesterol Sulfate_2,1,[M-H]-,LNEG-0047.1,153.66,2.561,465.3044045,466.311681,C27H46O4S,1.3828,Steroids and steroid derivatives,Cholestane steroids,Cholesterols and derivatives,HMDB0000653,Sterol Lipids [ST],Steroid conjugates [ST05],Sulfates [ST0502],LMST05020016,C18043,58586,65076,"[(1S,2R,5S,10S,11S,14R,15R)-2,15-dimethyl-14-[(2R)-6-methylheptan-2-yl]tetracyclo[8.7.0.0Â²,?.0Â¹Â¹,Â¹?]heptadec-7-en-5-yl]oxidanesulfonic acid","InChI=1S/C27H46O4S/c1-18(2)7-6-8-19(3)23-11-12-24-22-10-9-20-17-21(31-32(28,29)30)13-15-26(20,4)25(22)14-16-27(23,24)5/h9,18-19,21-25H,6-8,10-17H2,1-5H3,(H,28,29,30)/t19-,21+,22+,23-,24+,25+,26+,27-/m1/s1",BHYOQNUELFTYRT-DPAQBDIFSA-N,2
LNEG-0048,Capric acid FA(10:0),1,[M-H]-,LNEG-0048.1,67.2,1.12,171.1390534,172.1463299,C10H20O2,0.5767,Fatty Acyls,Fatty acids and conjugates,Medium-chain fatty acids,HMDB0000511,Fatty Acyls [FA],Fatty Acids and Conjugates [FA01],Straight chain fatty acids [FA0101],LMFA01010010,C01571,2863,2969,decanoic acid,"InChI=1S/C10H20O2/c1-2-3-4-5-6-7-8-9-10(11)12/h2-9H2,1H3,(H,11,12)",GHVNFZFCNZKVNT-UHFFFAOYSA-N,2
LNEG-0050,Hydroxypalmitic acid FA(16:0(OH)),1,[M-H]-,LNEG-0050.1,94.8,1.58,271.2278684,272.2351449,C16H32O3,,Fatty Acyls,Fatty acids and conjugates,Long-chain fatty acids,,Fatty Acyls [FA],Fatty Acids and Conjugates [FA01],Hydroxy fatty acids [FA0105],,,NA,,NA,,,2
LNEG-0051,Hexadecadienoic acid FA(16:2),1,[M-H]-,LNEG-0051.1,117.6,1.96,251.2016536,252.2089301,C16H28O2,,Fatty Acyls,Fatty acids and conjugates,Long-chain fatty acids,,Fatty Acyls [FA],Fatty Acids and Conjugates [FA01],Unsaturated fatty acids [FA0103],,,,,NA,,,2
LNEG-0052,Lignoceric acid FA(24:0),1,[M-H]-,LNEG-0052.1,354.6,5.91,367.3581543,368.3654308,C24H48O2,2.5941,Fatty Acyls,Fatty acids and conjugates,Very long-chain fatty acids,HMDB0002003,Fatty Acyls [FA],Fatty Acids and Conjugates [FA01],Straight chain fatty acids [FA0101],LMFA01010024,C08320,10724,11197,tetracosanoic acid,"InChI=1S/C24H48O2/c1-2-3-4-5-6-7-8-9-10-11-12-13-14-15-16-17-18-19-20-21-22-23-24(25)26/h2-23H2,1H3,(H,25,26)",QZZGJDVWLFXDLK-UHFFFAOYSA-N,2
LNEG-0053,Tetracosenoic acid FA(24:1),1,[M-H]-,LNEG-0053.1,306,5.1,365.3425042,366.3497807,C24H46O2,,Fatty Acyls,Fatty acids and conjugates,Very long-chain fatty acids,,Fatty Acyls [FA],Fatty Acids and Conjugates [FA01],Unsaturated fatty acids [FA0103],,,,,NA,,,2
LNEG-0054,Tetracosatetraenoic acid FA(24:4),1,[M-H]-,LNEG-0054.1,207.6,3.46,359.295554,360.3028305,C24H40O2,,Fatty Acyls,Fatty acids and conjugates,Very long-chain fatty acids,,Fatty Acyls [FA],Fatty Acids and Conjugates [FA01],Unsaturated fatty acids [FA0103],,,,,NA,,,2
LNEG-0055,Tetracosapentaenoic acid FA(24:5),1,[M-H]-,LNEG-0055.1,182.4,3.04,357.279904,358.2871805,C24H38O2,,Fatty Acyls,Fatty acids and conjugates,Very long-chain fatty acids,,Fatty Acyls [FA],Fatty Acids and Conjugates [FA01],Unsaturated fatty acids [FA0103],,,,,NA,,,2
LNEG-0056,Hexacosanoic acid FA(26:0),1,[M-H]-,LNEG-0056.1,402,6.7,395.3894544,396.3967309,C26H52O2,2.8823,Fatty Acyls,Fatty acids and conjugates,Very long-chain fatty acids,HMDB0002356,Fatty Acyls [FA],Fatty Acids and Conjugates [FA01],Straight chain fatty acids [FA0101],LMFA01010026,C21931,10037,10469,hexacosanoic acid,"InChI=1S/C26H52O2/c1-2-3-4-5-6-7-8-9-10-11-12-13-14-15-16-17-18-19-20-21-22-23-24-25-26(27)28/h2-25H2,1H3,(H,27,28)",XMHIUKTWLZUKEX-UHFFFAOYSA-N,2
LNEG-0057,Hexacosatetraenoic acid FA(26:4),1,[M-H]-,LNEG-0057.1,247.2,4.12,387.3268542,388.3341307,C26H44O2,,Fatty Acyls,Fatty acids and conjugates,Very long-chain fatty acids,,Fatty Acyls [FA],Fatty Acids and Conjugates [FA01],Unsaturated fatty acids [FA0103],,,,,NA,,,2
LNEG-0058,LPA(0:0/16:0),1,[M-H]-,LNEG-0058.1,89.1,1.485,409.2360637,410.2433402,C19H39O7P,0.8562,Glycerophospholipids,Glycerophosphates,2-acylglycerol-3-phosphates,HMDB07849,Glycerophospholipids [GP],Glycerophosphates [GP10],Monoacylglycerophosphates [GP1005],LMGP10050042,C03974,57505950,53478599,[2-(hexadecanoyloxy)-3-hydroxypropoxy]phosphonic acid,"InChI=1S/C19H39O7P/c1-2-3-4-5-6-7-8-9-10-11-12-13-14-15-19(21)26-18(16-20)17-25-27(22,23)24/h18,20H,2-17H2,1H3,(H2,22,23,24)",LPQBQFLKBCPNAV-UHFFFAOYSA-N,1
LNEG-0059,LPA(0:0/18:0),1,[M-H]-,LNEG-0059.1,118.8,1.98,437.2673638,438.2746403,C21H43O7P,1.1444,Glycerophospholipids,Glycerophosphates,2-acylglycerol-3-phosphates,HMDB07850,Glycerophospholipids [GP],Glycerophosphates [GP10],Monoacylglycerophosphates [GP1005],LMGP10050043,C03974,59700479,53478600,[3-hydroxy-2-(octadecanoyloxy)propoxy]phosphonic acid,"InChI=1S/C21H43O7P/c1-2-3-4-5-6-7-8-9-10-11-12-13-14-15-16-17-21(23)28-20(18-22)19-27-29(24,25)26/h20,22H,2-19H2,1H3,(H2,24,25,26)",RPAOEHFOGLEBTJ-UHFFFAOYSA-N,1
LNEG-0060,LPA(0:0/18:1),1,[M-H]-,LNEG-0060.1,97.14,1.619,435.2517138,436.2589903,C21H41O7P,,Glycerophospholipids,Glycerophosphates,2-acylglycerol-3-phosphates,,Glycerophospholipids [GP],Glycerophosphates [GP10],Monoacylglycerophosphates [GP1005],,C03974,,,NA,,,1
LNEG-0061,LPA(0:0/18:2),1,[M-H]-,LNEG-0061.1,78.36,1.306,433.2360637,434.2433402,C21H39O7P,,Glycerophospholipids,Glycerophosphates,2-acylglycerol-3-phosphates,,Glycerophospholipids [GP],Glycerophosphates [GP10],Monoacylglycerophosphates [GP1005],,C03974,,,NA,,,1
LNEG-0062,LPA(0:0/20:3),1,[M-H]-,LNEG-0062.1,88.8,1.48,459.2517138,460.2589903,C23H41O7P,,Glycerophospholipids,Glycerophosphates,2-acylglycerol-3-phosphates,,Glycerophospholipids [GP],Glycerophosphates [GP10],Monoacylglycerophosphates [GP1005],,C03974,,,NA,,,2
LNEG-0063,LPA(0:0/20:4),1,[M-H]-,LNEG-0063.1,78.6,1.31,457.2360637,458.2433402,C23H39O7P,,Glycerophospholipids,Glycerophosphates,2-acylglycerol-3-phosphates,,Glycerophospholipids [GP],Glycerophosphates [GP10],Monoacylglycerophosphates [GP1005],,C03974,,,NA,,,1
LNEG-0064,LPA(14:0),1,[M-H]-,LNEG-0064.1,67.8,1.13,381.2047636,382.2120401,C17H35O7P,,Glycerophospholipids,Glycerophosphates,,,Glycerophospholipids [GP],Glycerophosphates [GP10],Monoacylglycerophosphates [GP1005],,,,,NA,,,2
LNEG-0065,LPA(16:1/0:0),1,[M-H]-,LNEG-0065.1,75,1.25,407.2204137,408.2276902,C19H37O7P,,Glycerophospholipids,Glycerophosphates,1-acylglycerol-3-phosphates,,Glycerophospholipids [GP],Glycerophosphates [GP10],Monoacylglycerophosphates [GP1005],,C00681,,,NA,,,2
LNEG-0066,LPA(18:0/0:0),1,[M-H]-,LNEG-0066.1,123.72,2.062,437.2673638,438.2746403,C21H43O7P,1.1444,Glycerophospholipids,Glycerophosphates,1-acylglycerol-3-phosphates,HMDB07854,Glycerophospholipids [GP],Glycerophosphates [GP10],Monoacylglycerophosphates [GP1005],LMGP10050005,C00681,80837,9547179, [2-hydroxy-3-(octadecanoyloxy)propoxy]phosphonic acid,"InChI=1S/C21H43O7P/c1-2-3-4-5-6-7-8-9-10-11-12-13-14-15-16-17-21(23)27-18-20(22)19-28-29(24,25)26/h20,22H,2-19H2,1H3,(H2,24,25,26)",LAYXSTYJRSVXIH-UHFFFAOYSA-N,1
LNEG-0067,LPA(20:3/0:0),1,[M-H]-,LNEG-0067.1,92.34,1.539,459.2517138,460.2589903,C23H41O7P,,Glycerophospholipids,Glycerophosphates,1-acylglycerol-3-phosphates,,Glycerophospholipids [GP],Glycerophosphates [GP10],Monoacylglycerophosphates [GP1005],,C00681,,,NA,,,2
LNEG-0068,LPA(20:2/0:0),1,[M-H]-,LNEG-0068.1,108,1.8,461.2673638,462.2746403,C23H43O7P,,Glycerophospholipids,Glycerophosphates,1-acylglycerol-3-phosphates,,Glycerophospholipids [GP],Glycerophosphates [GP10],Monoacylglycerophosphates [GP1005],,C00681,,,NA,,,2
LNEG-0069,LPA(22:6/0:0),1,[M-H]-,LNEG-0069.1,79.5,1.325,481.2360637,482.2433402,C25H39O7P,,Glycerophospholipids,Glycerophosphates,1-acylglycerol-3-phosphates,,Glycerophospholipids [GP],Glycerophosphates [GP10],Monoacylglycerophosphates [GP1005],,C00681,,,NA,,,2
LNEG-0083,LPE(0:0/18:1),1,[M-H]-,LNEG-0083.1,116.16,1.936,478.2939129,479.3011894,C23H46NO7P,,Glycerophospholipids,Glycerophosphoethanolamines,2-acyl-sn-glycero-3-phosphoethanolamines,,Glycerophospholipids [GP],Glycerophosphoethanolamines [GP02],Monoacylglycerophosphoethanolamines [GP0205],,C05973,,,NA,,,1
LNEG-0084,LPE(0:0/20:4),1,[M-H]-,LNEG-0084.1,96,1.6,500.2782629,501.2855394,C25H44NO7P,,Glycerophospholipids,Glycerophosphoethanolamines,2-acyl-sn-glycero-3-phosphoethanolamines,,Glycerophospholipids [GP],Glycerophosphoethanolamines [GP02],Monoacylglycerophosphoethanolamines [GP0205],,C05973,,,NA,,,2
LNEG-0085,LPE(0:0/22:4),1,[M-H]-,LNEG-0085.1,118.8,1.98,528.309563,529.3168395,C27H48NO7P,,Glycerophospholipids,Glycerophosphoethanolamines,2-acyl-sn-glycero-3-phosphoethanolamines,,Glycerophospholipids [GP],Glycerophosphoethanolamines [GP02],Monoacylglycerophosphoethanolamines [GP0205],,C05973,,,NA,,,2
LNEG-0086,LPE(0:0/22:6),1,[M-H]-,LNEG-0086.1,92.1,1.535,524.2782629,525.2855394,C27H44NO7P,,Glycerophospholipids,Glycerophosphoethanolamines,2-acyl-sn-glycero-3-phosphoethanolamines,,Glycerophospholipids [GP],Glycerophosphoethanolamines [GP02],Monoacylglycerophosphoethanolamines [GP0205],,C05973,,,NA,,,2
LNEG-0087,LPE(18:1/0:0)_2,1,[M-H]-,LNEG-0087.1,125.76,2.096,478.2939129,479.3011894,C23H46NO7P,,Glycerophospholipids,Glycerophosphoethanolamines,1-acyl-sn-glycero-3-phosphoethanolamines,,Glycerophospholipids [GP],Glycerophosphoethanolamines [GP02],Monoacylglycerophosphoethanolamines [GP0205],,C04438,,,NA,,,2
LNEG-0089,LPE(22:4/0:0),1,[M-H]-,LNEG-0089.1,123,2.05,528.309563,529.3168395,C27H48NO7P,,Glycerophospholipids,Glycerophosphoethanolamines,1-acyl-sn-glycero-3-phosphoethanolamines,,Glycerophospholipids [GP],Glycerophosphoethanolamines [GP02],Monoacylglycerophosphoethanolamines [GP0205],,C04438,,,NA,,,2
LNEG-0090,LPE(22:6/0:0),1,[M-H]-,LNEG-0090.1,96.6,1.61,524.2782629,525.2855394,C27H44NO7P,,Glycerophospholipids,Glycerophosphoethanolamines,1-acyl-sn-glycero-3-phosphoethanolamines,,Glycerophospholipids [GP],Glycerophosphoethanolamines [GP02],Monoacylglycerophosphoethanolamines [GP0205],,C04438,,,NA,,,2
LNEG-0091,LPG(18:0/0:0),1,[M-H]-,LNEG-0091.1,118.8,1.98,511.3041433,512.3114198,C24H49O9P,0.1746,Glycerophospholipids,Glycerophosphoglycerols,Lysophosphatidylglycerols,,Glycerophospholipids [GP],Glycerophosphoglycerols [GP04],Monoacylglycerophosphoglycerols [GP0405],LMGP04050009,C18126,24823105,42607484,"[(2R)-3-[[(2S)-2,3-dihydroxypropoxy]-hydroxyphosphoryl]oxy-2-hydroxypropyl] octadecanoate","InChI=1S/C24H49O9P/c1-2-3-4-5-6-7-8-9-10-11-12-13-14-15-16-17-24(28)31-19-23(27)21-33-34(29,30)32-20-22(26)18-25/h22-23,25-27H,2-21H2,1H3,(H,29,30)/t22-,23+/m0/s1",HFJVKBVEKQHVTO-XZOQPEGZSA-N,1
LNEG-0092,LPG(18:1/0:0),1,[M-H]-,LNEG-0092.1,97.44,1.624,509.2884932,510.2957697,C24H47O9P,,Glycerophospholipids,Glycerophosphoglycerols,Lysophosphatidylglycerols,,Glycerophospholipids [GP],Glycerophosphoglycerols [GP04],Monoacylglycerophosphoglycerols [GP0405],,C18126,,,NA,,,1
LNEG-0093,LPG(18:2/0:0),1,[M-H]-,LNEG-0093.1,79.2,1.32,507.2728432,508.2801197,C24H45O9P,,Glycerophospholipids,Glycerophosphoglycerols,Lysophosphatidylglycerols,,Glycerophospholipids [GP],Glycerophosphoglycerols [GP04],Monoacylglycerophosphoglycerols [GP0405],,C18126,,,NA,,,2
LNEG-0094,LPI(0:0/16:0),1,[M-H]-,LNEG-0094.1,79.2,1.32,571.2888871,572.2961636,C25H49O12P,,Glycerophospholipids,Glycerophosphoinositols,2-acyl-sn-glycerol-3-phosphoinositols,,Glycerophospholipids [GP],Glycerophosphoinositols [GP06],Monoacylglycerophosphoinositols [GP0605],,,,,NA,,,1
LNEG-0095,LPI(0:0/18:0),1,[M-H]-,LNEG-0095.1,107.4,1.79,599.3201873,600.3274638,C27H53O12P,-1.3118,Glycerophospholipids,Glycerophosphoinositols,2-acyl-sn-glycerol-3-phosphoinositols,HMDB0061704,Glycerophospholipids [GP],Glycerophosphoinositols [GP06],Monoacylglycerophosphoinositols [GP0605],,,59664331,,NA,"InChI=1S/C27H53O12P/c1-2-3-4-5-6-7-8-9-10-11-12-13-14-15-16-17-21(29)38-20(18-28)19-37-40(35,36)39-27-25(33)23(31)22(30)24(32)26(27)34/h20,22-28,30-34H,2-19H2,1H3,(H,35,36)/t20-,22-,23-,24+,25-,26-,27-/m1/s1",AGVRWBBFKKEVAX-CZDOQZASSA-N,1
LNEG-0096,LPI(0:0/18:1),1,[M-H]-,LNEG-0096.1,87,1.45,597.3045372,598.3118137,C27H51O12P,,Glycerophospholipids,Glycerophosphoinositols,2-acyl-sn-glycerol-3-phosphoinositols,,Glycerophospholipids [GP],Glycerophosphoinositols [GP06],Monoacylglycerophosphoinositols [GP0605],,,,,NA,,,1
LNEG-0097,LPI(0:0/18:2),1,[M-H]-,LNEG-0097.1,70.2,1.17,595.2888871,596.2961636,C27H49O12P,,Glycerophospholipids,Glycerophosphoinositols,2-acyl-sn-glycerol-3-phosphoinositols,,Glycerophospholipids [GP],Glycerophosphoinositols [GP06],Monoacylglycerophosphoinositols [GP0605],,,,,NA,,,2
LNEG-0098,LPI(0:0/20:3),1,[M-H]-,LNEG-0098.1,79.2,1.32,621.3045372,622.3118137,C29H51O12P,,Glycerophospholipids,Glycerophosphoinositols,2-acyl-sn-glycerol-3-phosphoinositols,,Glycerophospholipids [GP],Glycerophosphoinositols [GP06],Monoacylglycerophosphoinositols [GP0605],,,,,NA,,,2
LNEG-0099,LPI(0:0/20:4),1,[M-H]-,LNEG-0099.1,70.8,1.18,619.2888871,620.2961636,C29H49O12P,,Glycerophospholipids,Glycerophosphoinositols,2-acyl-sn-glycerol-3-phosphoinositols,,Glycerophospholipids [GP],Glycerophosphoinositols [GP06],Monoacylglycerophosphoinositols [GP0605],,,,,NA,,,2
LNEG-0100,LPI(16:0/0:0),1,[M-H]-,LNEG-0100.1,84.3,1.405,571.2888871,572.2961636,C25H49O12P,-1.6,Glycerophospholipids,Glycerophosphoinositols,1-acyl-sn-glycerol-3-phosphoinositols,,Glycerophospholipids [GP],Glycerophosphoinositols [GP06],Monoacylglycerophosphoinositols [GP0605],LMGP06050002,C03819,24768046,,NA,"InChI=1S/C25H49O12P/c1-2-3-4-5-6-7-8-9-10-11-12-13-14-15-19(27)35-16-18(26)17-36-38(33,34)37-25-23(31)21(29)20(28)22(30)24(25)32/h18,20-26,28-32H,2-17H2,1H3,(H,33,34)/t18-,20?,21-,22?,23?,24?,25-/m1/s1",UOXRPRZMAROFPH-IOHPDQHLSA-N,1
LNEG-0101,LPI(16:1/0:0),1,[M-H]-,LNEG-0101.1,67.2,1.12,569.2732371,570.2805136,C25H47O12P,,Glycerophospholipids,Glycerophosphoinositols,1-acyl-sn-glycerol-3-phosphoinositols,,Glycerophospholipids [GP],Glycerophosphoinositols [GP06],Monoacylglycerophosphoinositols [GP0605],,C03819,,,NA,,,2
LNEG-0102,LPI(18:0/0:0),1,[M-H]-,LNEG-0102.1,113.88,1.898,599.3201873,600.3274638,C27H53O12P,-1.3118,Glycerophospholipids,Glycerophosphoinositols,1-acyl-sn-glycerol-3-phosphoinositols,HMDB0240261,Glycerophospholipids [GP],Glycerophosphoinositols [GP06],Monoacylglycerophosphoinositols [GP0605],LMGP06050004,C03819,34448669,42607495,"[(2R)-2-hydroxy-3-(octadecanoyloxy)propoxy]({[(1s,3R)-2,3,4,5,6-pentahydroxycyclohexyl]oxy})phosphinic acid","InChI=1S/C27H53O12P/c1-2-3-4-5-6-7-8-9-10-11-12-13-14-15-16-17-21(29)37-18-20(28)19-38-40(35,36)39-27-25(33)23(31)22(30)24(32)26(27)34/h20,22-28,30-34H,2-19H2,1H3,(H,35,36)/t20-,22-,23-,24+,25-,26-,27-/m1/s1",MXAFDFDAIFZFET-CZDOQZASSA-N,1
LNEG-0103,LPI(18:1/0:0)_1,1,[M-H]-,LNEG-0103.1,92.4,1.54,597.3045372,598.3118137,C27H51O12P,,Glycerophospholipids,Glycerophosphoinositols,1-acyl-sn-glycerol-3-phosphoinositols,,Glycerophospholipids [GP],Glycerophosphoinositols [GP06],Monoacylglycerophosphoinositols [GP0605],,C03819,,,NA,,,1
LNEG-0104,LPI(18:1/0:0)_2,1,[M-H]-,LNEG-0104.1,95.94,1.599,597.3045372,598.3118137,C27H51O12P,,Glycerophospholipids,Glycerophosphoinositols,1-acyl-sn-glycerol-3-phosphoinositols,,Glycerophospholipids [GP],Glycerophosphoinositols [GP06],Monoacylglycerophosphoinositols [GP0605],,C03819,,,NA,,,2
LNEG-0105,LPI(18:2/0:0),1,[M-H]-,LNEG-0105.1,74.52,1.242,595.2888871,596.2961636,C27H49O12P,,Glycerophospholipids,Glycerophosphoinositols,1-acyl-sn-glycerol-3-phosphoinositols,,Glycerophospholipids [GP],Glycerophosphoinositols [GP06],Monoacylglycerophosphoinositols [GP0605],,C03819,,,NA,,,2
LNEG-0106,LPI(20:3/0:0)_1,1,[M-H]-,LNEG-0106.1,83.4,1.39,621.3045372,622.3118137,C29H51O12P,,Glycerophospholipids,Glycerophosphoinositols,1-acyl-sn-glycerol-3-phosphoinositols,,Glycerophospholipids [GP],Glycerophosphoinositols [GP06],Monoacylglycerophosphoinositols [GP0605],,C03819,,,NA,,,2
LNEG-0107,LPI(20:3/0:0)_2,1,[M-H]-,LNEG-0107.1,92.4,1.54,621.3045372,622.3118137,C29H51O12P,,Glycerophospholipids,Glycerophosphoinositols,1-acyl-sn-glycerol-3-phosphoinositols,,Glycerophospholipids [GP],Glycerophosphoinositols [GP06],Monoacylglycerophosphoinositols [GP0605],,C03819,,,NA,,,2
LNEG-0108,LPI(20:4/0:0),1,[M-H]-,LNEG-0108.1,74.94,1.249,619.2888871,620.2961636,C29H49O12P,,Glycerophospholipids,Glycerophosphoinositols,1-acyl-sn-glycerol-3-phosphoinositols,,Glycerophospholipids [GP],Glycerophosphoinositols [GP06],Monoacylglycerophosphoinositols [GP0605],,C03819,,,NA,,,2
LNEG-0109,LPI(22:5/0:0),1,[M-H]-,LNEG-0109.1,79.2,1.32,645.3045372,646.3118137,C31H51O12P,,Glycerophospholipids,Glycerophosphoinositols,1-acyl-sn-glycerol-3-phosphoinositols,,Glycerophospholipids [GP],Glycerophosphoinositols [GP06],Monoacylglycerophosphoinositols [GP0605],,C03819,,,NA,,,2
LNEG-0110,LPI(22:6/0:0),1,[M-H]-,LNEG-0110.1,72,1.2,643.2888871,644.2961636,C31H49O12P,,Glycerophospholipids,Glycerophosphoinositols,1-acyl-sn-glycerol-3-phosphoinositols,,Glycerophospholipids [GP],Glycerophosphoinositols [GP06],Monoacylglycerophosphoinositols [GP0605],,C03819,,,NA,,,2
LNEG-0111,LPS(18:0/0:0),1,[M-H]-,LNEG-0111.1,112.8,1.88,524.2993923,525.3066688,C24H48NO9P,-0.7825,Glycerophospholipids,Glycerophosphoserines,1-acyl-glycerol-3-phosphoserines,HMDB0240606,Glycerophospholipids [GP],Glycerophosphoserines [GP03],Monoacylglycerophosphoserines [GP0305],LMGP03050006,C18125,24640928,42607474,"[(2R)-2-hydroxy-3-(octadecanoyloxy)propoxy]({[(1S,2R,3R,4S,5S,6R)-2,3,4,5,6-pentahydroxycyclohexyl]oxy})phosphinic acid","InChI=1S/C24H48NO9P/c1-2-3-4-5-6-7-8-9-10-11-12-13-14-15-16-17-23(27)32-18-21(26)19-33-35(30,31)34-20-22(25)24(28)29/h21-22,26H,2-20,25H2,1H3,(H,28,29)(H,30,31)/t21-,22+/m1/s1",ZPDQFUYPBVXUKS-YADHBBJMSA-N,2
LNEG-0112,Cer(d18:1/26:0),1,[M-H]-,LNEG-0112.1,563.4,9.39,676.6613235,677.6686,C44H87NO3,4.2097,Sphingolipids,Ceramides,Long-chain ceramides,HMDB0004955,Glycerophospholipids [GP],Ceramides [SP02],N-acylsphingosines (ceramides) [SP0201],LMSP02010011,C00195,4446683,5283570,"N-[(2S,3R,4E)-1,3-dihydroxyoctadec-4-en-2-yl]hexacosaNAmide","InChI=1S/C44H87NO3/c1-3-5-7-9-11-13-15-17-18-19-20-21-22-23-24-25-26-28-30-32-34-36-38-40-44(48)45-42(41-46)43(47)39-37-35-33-31-29-27-16-14-12-10-8-6-4-2/h37,39,42-43,46-47H,3-36,38,40-41H2,1-2H3,(H,45,48)/b39-37+/t42-,43+/m0/s1",CJROVRTUSFQVMR-GVOPMEMSSA-N,2
LNEG-0113,Cer(d18:2/18:0),1,[M-H]-,LNEG-0113.1,395.4,6.59,562.5204735,563.52775,C36H69NO3,,Sphingolipids,Ceramides,Long-chain ceramides,HMDB0240362,Glycerophospholipids [GP],Ceramides [SP02],N-acylsphingosines (ceramides) [SP0201],LMSP02010170,C00195,,132282053,"N-[(2S,3R,14Z)-1,3-dihydroxyoctadeca-4,14-dien-2-yl]octadecanimidic acid",,,2
LNEG-0114,Cer(d18:2/20:0),1,[M-H]-,LNEG-0114.1,436.2,7.27,590.5517735,591.55905,C38H73NO3,,Sphingolipids,Ceramides,Long-chain ceramides,,Glycerophospholipids [GP],Ceramides [SP02],N-acylsphingosines (ceramides) [SP0201],LMSP02010026,C00195,,52931120,NA,,,2
LNEG-0115,Cer(d20:1/24:0),1,[M-H]-,LNEG-0115.1,560.4,9.34,676.6613235,677.6686,C44H87NO3,,Sphingolipids,Ceramides,Long-chain ceramides,,Glycerophospholipids [GP],Ceramides [SP02],N-acylsphingosines (ceramides) [SP0201],,C00195,,,NA,,,2
LNEG-0116,Cer(d34:0);Cer(d18:0/16:0) | Cer(d16:0/18:0),1,[M-H]-,LNEG-0116.1,398.4,6.64,538.5204735,539.52775,C34H69NO3,,Sphingolipids,Ceramides,Long-chain ceramides,,Glycerophospholipids [GP],Ceramides [SP02],N-acylsphingosines (ceramides) [SP0201],,C00195,,,NA,,,2
LNEG-0117,NAPE(O-18:1/18:1/16:0) and/or NAPE(P-18:0/18:1/16:0),1,[M-H]-,LNEG-0117.1,557.4,9.29,966.7896335,967.79691,C57H110NO8P,,,,,,Glycerophospholipids [GP],Glycerophosphoethanolamines [GP02],,,,,,NA,,,2
LNEG-0118,NAPE(O-18:1/20:4/16:0) and/or NAPE(P-18:0/20:4/16:0),1,[M-H]-,LNEG-0118.1,537,8.95,988.7739835,989.78126,C59H108NO8P,,,,,,Glycerophospholipids [GP],Glycerophosphoethanolamines [GP02],,,,,,NA,,,2
LNEG-0119,NAPE(O-18:1/20:4/18:0) and/or NAPE(P-18:0/20:4/18:0),1,[M-H]-,LNEG-0119.1,557.4,9.29,1016.805284,1017.81256,C61H112NO8P,,,,,,Glycerophospholipids [GP],Glycerophosphoethanolamines [GP02],,,,,,NA,,,2
LNEG-0120,NAPE(O-18:1/20:4/18:1) and/or NAPE(P-18:0/20:4/18:1),1,[M-H]-,LNEG-0120.1,541.8,9.03,1014.789634,1015.79691,C61H110NO8P,,,,,,Glycerophospholipids [GP],Glycerophosphoethanolamines [GP02],,,,,,NA,,,2
LNEG-0121,NAPE(O-18:1/22:5/18:0) and/or NAPE(P-18:0/22:5/18:0)|NAPE(O-18:1/22:4/18:1) and/or NAPE(P-18:0/22:4/18:1),1,[M-H]-,LNEG-0121.1,555,9.25,1042.820934,1043.82821,C63H114NO8P,,,,,,Glycerophospholipids [GP],Glycerophosphoethanolamines [GP02],,,,,,NA,,,2
LNEG-0122,PA(16:0/18:1),1,[M-H]-,LNEG-0122.1,344.4,5.74,673.4813835,674.48866,C37H71O8P,,Glycerophospholipids,Glycerophosphates,"1,2-diacylglycerol-3-phosphates",,Glycerophospholipids [GP],Glycerophosphates [GP10],Diacylglycerophosphates [GP1001],,C00416,,,NA,,,1
LNEG-0123,PA(16:0/18:2),1,[M-H]-,LNEG-0123.1,315.6,5.26,671.4657335,672.47301,C37H69O8P,,Glycerophospholipids,Glycerophosphates,"1,2-diacylglycerol-3-phosphates",,Glycerophospholipids [GP],Glycerophosphates [GP10],Diacylglycerophosphates [GP1001],,C00416,,,NA,,,1
LNEG-0124,PA(18:0/18:1),1,[M-H]-,LNEG-0124.1,366,6.1,701.5126835,702.51996,C39H75O8P,,Glycerophospholipids,Glycerophosphates,"1,2-diacylglycerol-3-phosphates",,Glycerophospholipids [GP],Glycerophosphates [GP10],Diacylglycerophosphates [GP1001],,C00416,,,NA,,,1
LNEG-0125,PA(36:2);PA(18:0/18:2) | PA(18:1/18:1),1,[M-H]-,LNEG-0125.1,353.4,5.89,699.4970335,700.50431,C39H73O8P,,Glycerophospholipids,Glycerophosphates,"1,2-diacylglycerol-3-phosphates",,Glycerophospholipids [GP],Glycerophosphates [GP10],Diacylglycerophosphates [GP1001],,C00416,,,NA,,,2
LNEG-0126,PA(O-18:1/20:4)  and/or PA(P-18:0/20:4),1,[M-H]-,LNEG-0126.1,373.8,6.23,707.5021135,708.50939,C41H73O7P,,Glycerophospholipids,Glycerophosphates,"1-alkyl,2-acylglycerophosphates",,Glycerophospholipids [GP],Glycerophosphates [GP10],"1-alkyl,2-acylglycerophosphates [GP1002]",,C05977,,,NA,,,2
LNEG-0127,PE(16:0/18:1),1,[M-H]-,LNEG-0127.1,397.2,6.62,716.5235835,717.53086,C39H76NO8P,,Glycerophospholipids,Glycerophosphoethanolamines,Phosphatidylethanolamines,,Glycerophospholipids [GP],Glycerophosphoethanolamines [GP02],Diacylglycerophosphoethanolamines [GP0201],,C00350,,,NA,,,1
LNEG-0128,PE(16:0/20:3);PE(18:1/18:2) | PE(18:0/18:3),1,[M-H]-,LNEG-0128.1,378.9,6.315,740.5235835,741.53086,C41H76NO8P,,Glycerophospholipids,Glycerophosphoethanolamines,Phosphatidylethanolamines,,Glycerophospholipids [GP],Glycerophosphoethanolamines [GP02],Diacylglycerophosphoethanolamines [GP0201],,C00350,,,NA,,,2
LNEG-0129,PE(18:0/16:0),1,[M-H]-,LNEG-0129.1,427.8,7.13,718.5392335,719.54651,C39H78NO8P,1.8908,Glycerophospholipids,Glycerophosphoethanolamines,Phosphatidylethanolamines,HMDB0008989,Glycerophospholipids [GP],Glycerophosphoethanolamines [GP02],Diacylglycerophosphoethanolamines [GP0201],LMGP02011205,C00350,393306,445757,(2-aminoethoxy)[(2R)-2-(hexadecanoyloxy)-3-(octadecanoyloxy)propoxy]phosphinic acid,"InChI=1S/C39H78NO8P/c1-3-5-7-9-11-13-15-17-18-20-21-23-25-27-29-31-38(41)45-35-37(36-47-49(43,44)46-34-33-40)48-39(42)32-30-28-26-24-22-19-16-14-12-10-8-6-4-2/h37H,3-36,40H2,1-2H3,(H,43,44)/t37-/m1/s1",JRTZGTYHEHCHTM-DIPNUNPCSA-N,2
LNEG-0130,PE(18:0/18:2),1,[M-H]-,LNEG-0130.1,407.1,6.785,742.5392335,743.54651,C41H78NO8P,,Glycerophospholipids,Glycerophosphoethanolamines,Phosphatidylethanolamines,,Glycerophospholipids [GP],Glycerophosphoethanolamines [GP02],Diacylglycerophosphoethanolamines [GP0201],,C00350,,,NA,,,1
LNEG-0131,PE(18:0/20:3),1,[M-H]-,LNEG-0131.1,417.6,6.96,768.5548835,769.56216,C43H80NO8P,,Glycerophospholipids,Glycerophosphoethanolamines,Phosphatidylethanolamines,,Glycerophospholipids [GP],Glycerophosphoethanolamines [GP02],Diacylglycerophosphoethanolamines [GP0201],,C00350,,,NA,,,2
LNEG-0132,PE(18:0/22:4),1,[M-H]-,LNEG-0132.1,430.8,7.18,794.5705335,795.57781,C45H82NO8P,,Glycerophospholipids,Glycerophosphoethanolamines,Phosphatidylethanolamines,,Glycerophospholipids [GP],Glycerophosphoethanolamines [GP02],Diacylglycerophosphoethanolamines [GP0201],,C00350,,,NA,,,2
LNEG-0133,PE(18:0/22:5),1,[M-H]-,LNEG-0133.1,404.82,6.747,792.5548835,793.56216,C45H80NO8P,,Glycerophospholipids,Glycerophosphoethanolamines,Phosphatidylethanolamines,,Glycerophospholipids [GP],Glycerophosphoethanolamines [GP02],Diacylglycerophosphoethanolamines [GP0201],,C00350,,,NA,,,2
LNEG-0134,PE(18:0/22:6),1,[M-H]-,LNEG-0134.1,394.98,6.583,790.5392335,791.54651,C45H78NO8P,,Glycerophospholipids,Glycerophosphoethanolamines,Phosphatidylethanolamines,,Glycerophospholipids [GP],Glycerophosphoethanolamines [GP02],Diacylglycerophosphoethanolamines [GP0201],,C00350,,,NA,,,2
LNEG-0135,PE(18:1/18:2),1,[M-H]-,LNEG-0135.1,374.22,6.237,740.5235835,741.53086,C41H76NO8P,,Glycerophospholipids,Glycerophosphoethanolamines,Phosphatidylethanolamines,,Glycerophospholipids [GP],Glycerophosphoethanolamines [GP02],Diacylglycerophosphoethanolamines [GP0201],,C00350,,,NA,,,2
LNEG-0136,PE(20:1/20:4),1,[M-H]-,LNEG-0136.1,410.4,6.84,792.5548835,793.56216,C45H80NO8P,,Glycerophospholipids,Glycerophosphoethanolamines,Phosphatidylethanolamines,,Glycerophospholipids [GP],Glycerophosphoethanolamines [GP02],Diacylglycerophosphoethanolamines [GP0201],,C00350,,,NA,,,2
LNEG-0137,PE(O-16:0/22:6),1,[M-H]-,LNEG-0137.1,379.56,6.326,748.5286635,749.53594,C43H76NO7P,,Glycerophospholipids,Glycerophosphoethanolamines,"1-alkyl,2-acylglycerophosphoethanolamines",,Glycerophospholipids [GP],Glycerophosphoethanolamines [GP02],"1-alkyl,2-acylglycerophosphoethanolamines [GP0202]",,C04475,,,NA,,,2
LNEG-0138,PE(O-16:1/18:2) and/or PE(P-16:0/18:2),1,[M-H]-,LNEG-0138.1,389.7,6.495,698.5130135,699.52029,C39H74NO7P,,Glycerophospholipids,Glycerophosphoethanolamines,,,Glycerophospholipids [GP],Glycerophosphoethanolamines [GP02],,,,,,NA,,,2
LNEG-0139,PE(O-16:1/20:4) and/or PE(P-16:0/20:4),1,[M-H]-,LNEG-0139.1,387,6.45,722.5130135,723.52029,C41H74NO7P,,Glycerophospholipids,Glycerophosphoethanolamines,,,Glycerophospholipids [GP],Glycerophosphoethanolamines [GP02],,,,,,NA,,,2
LNEG-0140,PE(O-16:1/22:5) and/or PE(P-16:0/22:5),1,[M-H]-,LNEG-0140.1,387.12,6.452,748.5286635,749.53594,C43H76NO7P,,Glycerophospholipids,Glycerophosphoethanolamines,,,Glycerophospholipids [GP],Glycerophosphoethanolamines [GP02],,,,,,NA,,,2
LNEG-0141,PE(O-16:1/22:6) and/or PE(P-16:0/22:6),1,[M-H]-,LNEG-0141.1,375.72,6.262,746.5130135,747.52029,C43H74NO7P,,Glycerophospholipids,Glycerophosphoethanolamines,,,Glycerophospholipids [GP],Glycerophosphoethanolamines [GP02],,,,,,NA,,,2
LNEG-0142,PE(O-18:1/18:1) and/or PE(P-18:0/18:1),1,[M-H]-,LNEG-0142.1,458.1,7.635,728.5599635,729.56724,C41H80NO7P,,Glycerophospholipids,Glycerophosphoethanolamines,,,Glycerophospholipids [GP],Glycerophosphoethanolamines [GP02],,,,,,NA,,,2
LNEG-0143,PE(O-18:1/18:2) and/or PE(P-18:0/18:2),1,[M-H]-,LNEG-0143.1,429.72,7.162,726.5443135,727.55159,C41H78NO7P,,Glycerophospholipids,Glycerophosphoethanolamines,,,Glycerophospholipids [GP],Glycerophosphoethanolamines [GP02],,,,,,NA,,,2
LNEG-0144,PE(O-18:1/22:4) and/or PE(P-18:0/22:4),1,[M-H]-,LNEG-0144.1,451.5,7.525,778.5756135,779.58289,C45H82NO7P,,Glycerophospholipids,Glycerophosphoethanolamines,,,Glycerophospholipids [GP],Glycerophosphoethanolamines [GP02],,,,,,NA,,,2
LNEG-0145,PE(O-18:2/18:2) and/or PE(P-18:1/18:2),1,[M-H]-,LNEG-0145.1,390.36,6.506,724.5286635,725.53594,C41H76NO7P,,Glycerophospholipids,Glycerophosphoethanolamines,,,Glycerophospholipids [GP],Glycerophosphoethanolamines [GP02],,,,,,NA,,,2
LNEG-0146,PE(O-18:2/20:4)  and/or PE(P-18:1/20:4),1,[M-H]-,LNEG-0146.1,394.2,6.57,748.5286635,749.53594,C43H76NO7P,,Glycerophospholipids,Glycerophosphoethanolamines,,,Glycerophospholipids [GP],Glycerophosphoethanolamines [GP02],,,,,,NA,,,2
LNEG-0149,PS(18:0/18:1),1,[M-H]-,LNEG-0149.1,368.04,6.134,788.5447035,789.55198,C42H80NO10P,,Glycerophospholipids,Glycerophosphoserines,Phosphatidylserines,,Glycerophospholipids [GP],Glycerophosphoserines [GP03],Diacylglycerophosphoserines [GP0301],,C02737,,,NA,,,2
LNEG-0150,Sulfo2HexCer(d34:1),1,[M-H]-,LNEG-0150.1,285.6,4.76,940.5672835,941.57456,C46H87NO16S,,Sphingolipids,Glycosphingolipids,,,Sphingolipids [SP],Acidic glycosphingolipids [SP06],,,C06127,,,NA,,,2
LNEG-0151,Sulfo2HexCer(d40:1),1,[M-H]-,LNEG-0151.1,404.4,6.74,1024.661184,1025.66846,C52H99NO16S,,Sphingolipids,Glycosphingolipids,,,Sphingolipids [SP],Acidic glycosphingolipids [SP06],,,C06127,,,NA,,,2
LNEG-0152,Sulfo2HexCer(d41:1),1,[M-H]-,LNEG-0152.1,423,7.05,1038.676834,1039.68411,C53H101NO16S,,Sphingolipids,Glycosphingolipids,,,Sphingolipids [SP],Acidic glycosphingolipids [SP06],,,C06127,,,NA,,,2
LNEG-0153,Sulfo2HexCer(d42:1),1,[M-H]-,LNEG-0153.1,439.8,7.33,1052.692484,1053.69976,C54H103NO16S,,Sphingolipids,Glycosphingolipids,,,Sphingolipids [SP],Acidic glycosphingolipids [SP06],,,C06127,,,NA,,,2
LNEG-0154,Sulfo2HexCer(d42:2),1,[M-H]-,LNEG-0154.1,403.2,6.72,1050.676834,1051.68411,C54H101NO16S,,Sphingolipids,Glycosphingolipids,,,Sphingolipids [SP],Acidic glycosphingolipids [SP06],,,C06127,,,NA,,,2
LNEG-0155,SulfoHexCer(d18:1/16:0(OH)),1,[M-H]-,LNEG-0155.1,274.32,4.572,794.5093735,795.51665,C40H77NO12S,,Sphingolipids,Glycosphingolipids,,,Sphingolipids [SP],Acidic glycosphingolipids [SP06],Sulfoglycosphingolipids (sulfatides) [SP0602],,,,,NA,,,2
LNEG-0156,SulfoHexCer(d18:1/18:0(OH)),1,[M-H]-,LNEG-0156.1,313.2,5.22,822.5406735,823.54795,C42H81NO12S,,Sphingolipids,Glycosphingolipids,,,Sphingolipids [SP],Acidic glycosphingolipids [SP06],Sulfoglycosphingolipids (sulfatides) [SP0602],,,,,NA,,,2
LNEG-0157,SulfoHexCer(d18:1/18:0),1,[M-H]-,LNEG-0157.1,322.8,5.38,806.5457535,807.55303,C42H81NO11S,0.0846,Sphingolipids,Glycosphingolipids,Sulfatides,HMDB0012314,Sphingolipids [SP],Acidic glycosphingolipids [SP06],Sulfoglycosphingolipids (sulfatides) [SP0602],LMSP06020001,C06125,4696849,5771775,"	[(2R,5S,6R)-3,5-dihydroxy-2-{[(2S,3R,4E)-3-hydroxy-2-octadecaNAmidooctadec-4-en-1-yl]oxy}-6-(hydroxymethyl)oxan-4-yl]oxidanesulfonic acid","InChI=1S/C42H81NO11S/c1-3-5-7-9-11-13-15-17-18-20-22-24-26-28-30-32-38(46)43-35(36(45)31-29-27-25-23-21-19-16-14-12-10-8-6-4-2)34-52-42-40(48)41(54-55(49,50)51)39(47)37(33-44)53-42/h29,31,35-37,39-42,44-45,47-48H,3-28,30,32-34H2,1-2H3,(H,43,46)(H,49,50,51)/b31-29+/t35-,36+,37+,39-,40?,41?,42+/m0/s1",GQQZXRPXBDJABR-XMDONHODSA-N,2
LNEG-0158,SulfoHexCer(d18:1/18:1),1,[M-H]-,LNEG-0158.1,293.4,4.89,804.5301035,805.53738,C42H79NO11S,,Sphingolipids,Glycosphingolipids,Sulfatides,,Sphingolipids [SP],Acidic glycosphingolipids [SP06],Sulfoglycosphingolipids (sulfatides) [SP0602],,C06125,,,NA,,,2
LNEG-0159,SulfoHexCer(d18:1/20:0(OH)),1,[M-H]-,LNEG-0159.1,353.4,5.89,850.5719735,851.57925,C44H85NO12S,,Sphingolipids,Glycosphingolipids,,,Sphingolipids [SP],Acidic glycosphingolipids [SP06],Sulfoglycosphingolipids (sulfatides) [SP0602],,,,,NA,,,2
LNEG-0160,SulfoHexCer(d18:1/22:0(OH)),1,[M-H]-,LNEG-0160.1,393.36,6.556,878.6032735,879.61055,C46H89NO12S,,Sphingolipids,Glycosphingolipids,,,Sphingolipids [SP],Acidic glycosphingolipids [SP06],Sulfoglycosphingolipids (sulfatides) [SP0602],,,,,NA,,,2
LNEG-0161,SulfoHexCer(d18:1/24:0(OH)),1,[M-H]-,LNEG-0161.1,430.02,7.167,906.6345735,907.64185,C48H93NO12S,,Sphingolipids,Glycosphingolipids,,,Sphingolipids [SP],Acidic glycosphingolipids [SP06],Sulfoglycosphingolipids (sulfatides) [SP0602],,,,,NA,,,2
LNEG-0162,SulfoHexCer(d18:1/24:1(OH)),1,[M-H]-,LNEG-0162.1,392.58,6.543,904.6189235,905.6262,C48H91NO12S,,Sphingolipids,Glycosphingolipids,,,Sphingolipids [SP],Acidic glycosphingolipids [SP06],Sulfoglycosphingolipids (sulfatides) [SP0602],,,,,NA,,,2
LNEG-0163,SulfoHexCer(d18:1/24:1),1,[M-H]-,LNEG-0163.1,400.2,6.67,888.6240035,889.63128,C48H91NO11S,,Sphingolipids,Glycosphingolipids,Sulfatides,,Sphingolipids [SP],Acidic glycosphingolipids [SP06],Sulfoglycosphingolipids (sulfatides) [SP0602],,C06125,,,NA,,,2
LNEG-0164,SulfoHexCer(d18:2/16:0(OH)),1,[M-H]-,LNEG-0164.1,243.96,4.066,792.4937235,793.501,C40H75NO12S,,Sphingolipids,Glycosphingolipids,,,Sphingolipids [SP],Acidic glycosphingolipids [SP06],Sulfoglycosphingolipids (sulfatides) [SP0602],,,,,NA,,,2
LNEG-0165,SulfoHexCer(d18:2/22:0(OH)),1,[M-H]-,LNEG-0165.1,364.2,6.07,876.5876235,877.5949,C46H87NO12S,,Sphingolipids,Glycosphingolipids,,,Sphingolipids [SP],Acidic glycosphingolipids [SP06],Sulfoglycosphingolipids (sulfatides) [SP0602],,,,,NA,,,2
LNEG-0166,SulfoHexCer(d18:2/22:0),1,[M-H]-,LNEG-0166.1,373.8,6.69,860.5927035,861.59998,C46H89NO11S,,Sphingolipids,Glycosphingolipids,Sulfatides,,Sphingolipids [SP],Acidic glycosphingolipids [SP06],Sulfoglycosphingolipids (sulfatides) [SP0602],,C06125,,,NA,,,2
LNEG-0167,SulfoHexCer(d18:2/24:0(OH)),1,[M-H]-,LNEG-0167.1,404.34,6.739,904.6189235,905.6262,C48H91NO12S,,Sphingolipids,Glycosphingolipids,,,Sphingolipids [SP],Acidic glycosphingolipids [SP06],Sulfoglycosphingolipids (sulfatides) [SP0602],,,,,NA,,,2
LNEG-0168,SulfoHexCer(d18:2/24:1),1,[M-H]-,LNEG-0168.1,372.6,6.21,886.6083535,887.61563,C48H89NO11S,,Sphingolipids,Glycosphingolipids,Sulfatides,,Sphingolipids [SP],Acidic glycosphingolipids [SP06],Sulfoglycosphingolipids (sulfatides) [SP0602],,C06125,,,NA,,,2
LNEG-0169,PI(16:0/16:1),1,[M-H]-,LNEG-0169.1,287.4,4.79,807.5029035,808.51018,C41H77O13P,,Glycerophospholipids,Glycerophosphoinositols,Phosphatidylinositols,NA,Glycerophospholipids [GP],Glycerophosphoinositols [GP06],Diacylglycerophosphoinositols [GP0601],NA,C01194,NA,NA,NA,NA,NA,2
LNEG-0170,PI(16:0/16:0),1,[M-H]-,LNEG-0170.1,315,5.25,809.5185535,810.52583,C41H79O13P,,Glycerophospholipids,Glycerophosphoinositols,Phosphatidylinositols,HMDB0009778,Glycerophospholipids [GP],Glycerophosphoinositols [GP06],Diacylglycerophosphoinositols [GP0601],LMGP06010007,C01194,24767663,24779556,"[(2R)-2,3-bis(hexadecanoyloxy)propoxy]({[(1s,3R)-2,3,4,5,6-pentahydroxycyclohexyl]oxy})phosphinic acid","InChI=1S/C41H79O13P/c1-3-5-7-9-11-13-15-17-19-21-23-25-27-29-34(42)51-31-33(32-52-55(49,50)54-41-39(47)37(45)36(44)38(46)40(41)48)53-35(43)30-28-26-24-22-20-18-16-14-12-10-8-6-4-2/h33,36-41,44-48H,3-32H2,1-2H3,(H,49,50)/t33-,36?,37-,38?,39?,40?,41-/m1/s1",IBUKXRINTKQBRQ-NBURIUCMSA-N,2
LNEG-0171,PI(16:1/18:2)_1,1,[M-H]-,LNEG-0171.1,265.8,4.43,831.5029035,832.51018,C43H77O13P,,Glycerophospholipids,Glycerophosphoinositols,Phosphatidylinositols,NA,Glycerophospholipids [GP],Glycerophosphoinositols [GP06],Diacylglycerophosphoinositols [GP0601],NA,C01194,NA,NA,NA,NA,NA,2
LNEG-0172,PI(34:3); PI(16:1/18:2)_2|PI(16:0/18:3)_1,1,[M-H]-,LNEG-0172.1,269.4,4.49,831.5029035,832.51018,C43H77O13P,,Glycerophospholipids,Glycerophosphoinositols,Phosphatidylinositols,NA,Glycerophospholipids [GP],Glycerophosphoinositols [GP06],Diacylglycerophosphoinositols [GP0601],NA,C01194,NA,NA,NA,NA,NA,2
LNEG-0173,PI(16:0/18:3)_2,1,[M-H]-,LNEG-0173.1,279.6,4.66,831.5029035,832.51018,C43H77O13P,,Glycerophospholipids,Glycerophosphoinositols,Phosphatidylinositols,NA,Glycerophospholipids [GP],Glycerophosphoinositols [GP06],Diacylglycerophosphoinositols [GP0601],NA,C01194,NA,NA,NA,NA,NA,2
LNEG-0174,PI(34:2),1,[M-H]-,LNEG-0174.1,296.4,4.94,833.5185535,834.52583,C43H79O13P,,Glycerophospholipids,Glycerophosphoinositols,Phosphatidylinositols,NA,Glycerophospholipids [GP],Glycerophosphoinositols [GP06],Diacylglycerophosphoinositols [GP0601],NA,C01194,NA,NA,NA,NA,NA,2
LNEG-0175,PI(16:0/18:1)_1,1,[M-H]-,LNEG-0175.1,322.2,5.37,835.5342035,836.54148,C43H81O13P,,Glycerophospholipids,Glycerophosphoinositols,Phosphatidylinositols,NA,Glycerophospholipids [GP],Glycerophosphoinositols [GP06],Diacylglycerophosphoinositols [GP0601],NA,C01194,NA,NA,NA,NA,NA,1
LNEG-0176,PI(34:1); PI(16:0/18:1)_2|PI(18:0/16:1),1,[M-H]-,LNEG-0176.1,326.4,5.44,835.5342035,836.54148,C43H81O13P,,Glycerophospholipids,Glycerophosphoinositols,Phosphatidylinositols,NA,Glycerophospholipids [GP],Glycerophosphoinositols [GP06],Diacylglycerophosphoinositols [GP0601],NA,C01194,NA,NA,NA,NA,NA,2
LNEG-0177,PI(18:0/16:0),1,[M-H]-,LNEG-0177.1,355.8,5.93,837.5498535,838.55713,C43H83O13P,,Glycerophospholipids,Glycerophosphoinositols,Phosphatidylinositols,NA,Glycerophospholipids [GP],Glycerophosphoinositols [GP06],Diacylglycerophosphoinositols [GP0601],LMGP06010858,C01194,24767690,52928311,"[(2R)-2-(hexadecanoyloxy)-3-(octadecanoyloxy)propoxy]({[(1s,3R)-2,3,4,5,6-pentahydroxycyclohexyl]oxy})phosphinic acid","InChI=1S/C43H83O13P/c1-3-5-7-9-11-13-15-17-18-20-21-23-25-27-29-31-36(44)53-33-35(34-54-57(51,52)56-43-41(49)39(47)38(46)40(48)42(43)50)55-37(45)32-30-28-26-24-22-19-16-14-12-10-8-6-4-2/h35,38-43,46-50H,3-34H2,1-2H3,(H,51,52)/t35-,38?,39-,40?,41?,42?,43-/m1/s1",AWOYEONIQYBDHZ-HGTJTCKHSA-N,2
LNEG-0178,PI(18:2/18:2),1,[M-H]-,LNEG-0178.1,274.8,4.58,857.5185535,858.52583,C45H79O13P,,Glycerophospholipids,Glycerophosphoinositols,Phosphatidylinositols,NA,Glycerophospholipids [GP],Glycerophosphoinositols [GP06],Diacylglycerophosphoinositols [GP0601],NA,C01194,NA,NA,NA,NA,NA,2
LNEG-0179,PI(16:0/20:4),1,[M-H]-,LNEG-0179.1,297.6,4.96,857.5185535,858.52583,C45H79O13P,,Glycerophospholipids,Glycerophosphoinositols,Phosphatidylinositols,NA,Glycerophospholipids [GP],Glycerophosphoinositols [GP06],Diacylglycerophosphoinositols [GP0601],NA,C01194,NA,NA,NA,NA,NA,2
LNEG-0180,PI(18:1/18:2),2,[M-H]-,LNEG-0180.1,305.4,5.09,859.5342035,860.54148,C45H81O13P,,Glycerophospholipids,Glycerophosphoinositols,Phosphatidylinositols,NA,Glycerophospholipids [GP],Glycerophosphoinositols [GP06],Diacylglycerophosphoinositols [GP0601],NA,C01194,NA,NA,NA,NA,NA,2
LNEG-0181,PI(36:3); PI(16:0/20:3)_1|PI(18:1/18:2)_1|PI(18:0/18:3)_1,3,[M-H]-,LNEG-0181.1,309,5.15,859.5342035,860.54148,C45H81O13P,,Glycerophospholipids,Glycerophosphoinositols,Phosphatidylinositols,NA,Glycerophospholipids [GP],Glycerophosphoinositols [GP06],Diacylglycerophosphoinositols [GP0601],NA,C01194,NA,NA,NA,NA,NA,2
LNEG-0182,PI(36:3); PI(18:0/18:3)_2|PI(16:0/20:3)_2|PI(18:1/18:2)_2,4,[M-H]-,LNEG-0182.1,321,5.35,859.5342035,860.54148,C45H81O13P,,Glycerophospholipids,Glycerophosphoinositols,Phosphatidylinositols,NA,Glycerophospholipids [GP],Glycerophosphoinositols [GP06],Diacylglycerophosphoinositols [GP0601],NA,C01194,NA,NA,NA,NA,NA,2
LNEG-0183,PI(36:2); PI(18:0/18:2)|PI(18:1/18:1),1,[M-H]-,LNEG-0183.1,336,5.6,861.5498535,862.55713,C45H83O13P,,Glycerophospholipids,Glycerophosphoinositols,Phosphatidylinositols,NA,Glycerophospholipids [GP],Glycerophosphoinositols [GP06],Diacylglycerophosphoinositols [GP0601],NA,C01194,NA,NA,NA,NA,NA,2
LNEG-0184,PI(18:0/18:1),1,[M-H]-,LNEG-0184.1,366,6.1,863.5655035,864.57278,C45H85O13P,,Glycerophospholipids,Glycerophosphoinositols,Phosphatidylinositols,NA,Glycerophospholipids [GP],Glycerophosphoinositols [GP06],Diacylglycerophosphoinositols [GP0601],NA,C01194,NA,NA,NA,NA,NA,2
LNEG-0185,PI(38:6); PI(16:0/22:6)|PI(18:2/20:4),1,[M-H]-,LNEG-0185.1,288,4.8,881.5185535,882.52583,C47H79O13P,,Glycerophospholipids,Glycerophosphoinositols,Phosphatidylinositols,NA,Glycerophospholipids [GP],Glycerophosphoinositols [GP06],Diacylglycerophosphoinositols [GP0601],NA,C01194,NA,NA,NA,NA,NA,2
LNEG-0186,PI(16:0/22:5),5,[M-H]-,LNEG-0186.1,297.6,4.96,883.5342035,884.54148,C47H81O13P,,Glycerophospholipids,Glycerophosphoinositols,Phosphatidylinositols,NA,Glycerophospholipids [GP],Glycerophosphoinositols [GP06],Diacylglycerophosphoinositols [GP0601],NA,C01194,NA,NA,NA,NA,NA,2
LNEG-0187,PI(18:1/20:4)_1,6,[M-H]-,LNEG-0187.1,305.4,5.09,883.5342035,884.54148,C47H81O13P,,Glycerophospholipids,Glycerophosphoinositols,Phosphatidylinositols,NA,Glycerophospholipids [GP],Glycerophosphoinositols [GP06],Diacylglycerophosphoinositols [GP0601],NA,C01194,NA,NA,NA,NA,NA,2
LNEG-0188,PI(38:5); PI(18:1/20:4)_2|PI(18:/20:5) ,7,[M-H]-,LNEG-0188.1,310.2,5.17,883.5342035,884.54148,C47H81O13P,,Glycerophospholipids,Glycerophosphoinositols,Phosphatidylinositols,NA,Glycerophospholipids [GP],Glycerophosphoinositols [GP06],Diacylglycerophosphoinositols [GP0601],NA,C01194,NA,NA,NA,NA,NA,2
LNEG-0189,PI(38:4); PI(16:0/22:4)|PI(18:1/20:3)|PI(18:0/20:4)_1,1,[M-H]-,LNEG-0189.1,322.8,5.38,885.5498535,886.55713,C47H83O13P,,Glycerophospholipids,Glycerophosphoinositols,Phosphatidylinositols,NA,Glycerophospholipids [GP],Glycerophosphoinositols [GP06],Diacylglycerophosphoinositols [GP0601],NA,C01194,NA,NA,NA,NA,NA,2
LNEG-0190,PI(18:0/20:4)_2,1,[M-H]-,LNEG-0190.1,338.4,5.64,885.5498535,886.55713,C47H83O13P,,Glycerophospholipids,Glycerophosphoinositols,Phosphatidylinositols,NA,Glycerophospholipids [GP],Glycerophosphoinositols [GP06],Diacylglycerophosphoinositols [GP0601],NA,C01194,NA,NA,NA,NA,NA,2
LNEG-0191,PI(18:0/20:3)_1,1,[M-H]-,LNEG-0191.1,348.6,5.81,887.5655035,888.57278,C47H85O13P,,Glycerophospholipids,Glycerophosphoinositols,Phosphatidylinositols,NA,Glycerophospholipids [GP],Glycerophosphoinositols [GP06],Diacylglycerophosphoinositols [GP0601],NA,C01194,NA,NA,NA,NA,NA,2
LNEG-0192,PI(18:0/20:3)_2,1,[M-H]-,LNEG-0192.1,356.4,5.94,887.5655035,888.57278,C47H85O13P,,Glycerophospholipids,Glycerophosphoinositols,Phosphatidylinositols,NA,Glycerophospholipids [GP],Glycerophosphoinositols [GP06],Diacylglycerophosphoinositols [GP0601],NA,C01194,NA,NA,NA,NA,NA,2
LNEG-0193,PI(18:0/20:3)_3,1,[M-H]-,LNEG-0193.1,364.2,6.07,887.5655035,888.57278,C47H85O13P,,Glycerophospholipids,Glycerophosphoinositols,Phosphatidylinositols,NA,Glycerophospholipids [GP],Glycerophosphoinositols [GP06],Diacylglycerophosphoinositols [GP0601],NA,C01194,NA,NA,NA,NA,NA,2
LNEG-0194,PI(18:1/22:6)_1,1,[M-H]-,LNEG-0194.1,293.4,4.89,907.5342035,908.54148,C49H81O13P,,Glycerophospholipids,Glycerophosphoinositols,Phosphatidylinositols,NA,Glycerophospholipids [GP],Glycerophosphoinositols [GP06],Diacylglycerophosphoinositols [GP0601],NA,C01194,NA,NA,NA,NA,NA,2
LNEG-0195,PI(18:1/22:6)_2,1,[M-H]-,LNEG-0195.1,300.6,5.01,907.5342035,908.54148,C49H81O13P,,Glycerophospholipids,Glycerophosphoinositols,Phosphatidylinositols,NA,Glycerophospholipids [GP],Glycerophosphoinositols [GP06],Diacylglycerophosphoinositols [GP0601],NA,C01194,NA,NA,NA,NA,NA,2
LNEG-0196,PI(18:0/22:6),1,[M-H]-,LNEG-0196.1,327.6,5.46,909.5498235,910.5571,C49H83O13P,,Glycerophospholipids,Glycerophosphoinositols,Phosphatidylinositols,NA,Glycerophospholipids [GP],Glycerophosphoinositols [GP06],Diacylglycerophosphoinositols [GP0601],NA,C01194,NA,NA,NA,NA,NA,2
LNEG-0197,PI(18:0/22:5)_1,1,[M-H]-,LNEG-0197.1,336.6,5.61,911.5655035,912.57278,C49H85O13P,,Glycerophospholipids,Glycerophosphoinositols,Phosphatidylinositols,NA,Glycerophospholipids [GP],Glycerophosphoinositols [GP06],Diacylglycerophosphoinositols [GP0601],NA,C01194,NA,NA,NA,NA,NA,2
LNEG-0198,PI(18:0/22:5)_2,1,[M-H]-,LNEG-0198.1,352.8,5.88,911.5655035,912.57278,C49H85O13P,,Glycerophospholipids,Glycerophosphoinositols,Phosphatidylinositols,NA,Glycerophospholipids [GP],Glycerophosphoinositols [GP06],Diacylglycerophosphoinositols [GP0601],NA,C01194,NA,NA,NA,NA,NA,2
LNEG-0199,PI(18:0/22:4),1,[M-H]-,LNEG-0199.1,361.8,6.03,913.5811535,914.58843,C49H87O13P,,Glycerophospholipids,Glycerophosphoinositols,Phosphatidylinositols,NA,Glycerophospholipids [GP],Glycerophosphoinositols [GP06],Diacylglycerophosphoinositols [GP0601],NA,C01194,NA,NA,NA,NA,NA,2
LNEG-0200,PI(20:0/20:4),1,[M-H]-,LNEG-0200.1,376.8,6.28,913.5811535,914.58843,C49H87O13P,,Glycerophospholipids,Glycerophosphoinositols,Phosphatidylinositols,NA,Glycerophospholipids [GP],Glycerophosphoinositols [GP06],Diacylglycerophosphoinositols [GP0601],NA,C01194,NA,NA,NA,NA,NA,2
LNEG-0201,PI(40:3); PI(18:0/22:3)|PI(20:0/20:3),1,[M-H]-,LNEG-0201.1,388.8,6.48,915.5968035,916.60408,C49H89O13P,,Glycerophospholipids,Glycerophosphoinositols,Phosphatidylinositols,NA,Glycerophospholipids [GP],Glycerophosphoinositols [GP06],Diacylglycerophosphoinositols [GP0601],NA,C01194,NA,NA,NA,NA,NA,2
LNEG-0202,PI(18:0/24:6),1,[M-H]-,LNEG-0202.1,351,5.85,937.5811535,938.58843,C51H87O13P,,Glycerophospholipids,Glycerophosphoinositols,Phosphatidylinositols,NA,Glycerophospholipids [GP],Glycerophosphoinositols [GP06],Diacylglycerophosphoinositols [GP0601],NA,C01194,NA,NA,NA,NA,NA,2